1689865324,-7078594959904862169,-1885209536,-920627408
1689865324,-7078594959904862168,-1974414695,-1108202020
1689865324,-7078594959904862167,84824422,428471875
1689865324,-7078594959904862166,-2026138915,-2001581117
1689865324,-7078594959904862165,407013945,-1161233585
1689865324,-7078594959904862164,-13262475,75814729
1689865324,-7078594959904862163,80369626,326673535
1689865324,-7078594959904862162,1501111131,-1161233585
1689865324,-7078594959904862161,1379452769,-920627408
1689865324,-7078594959904862160,1689028262,-1108202020
1689865324,-7078594959904862159,-1021668836,326673535
1689865324,-7078594959904862158,961599999,-2001581117
1689865324,-7078594959904862157,-182686888,-1161233585
1689865324,-7078594959904862156,2052974799,-568165074
1689865324,-7078594959904862155,412695326,-2001581117
1689865324,-7078594959904862154,154832895,428471875
1689865324,-7078594959904862153,2146120326,-920627408
1689865324,-7078594959904862152,-1110473756,428471875
1689865324,-7078594959904862151,1240980605,-2001581117
1689865324,-7078594959904862150,-1233365197,-2001581117
1689865324,-7078594959904862149,-1408836007,75814729
1689865324,-7078594959904862148,996776405,428471875
1689865324,-7078594959904862147,-1294384503,-1108202020
1689865324,-7078594959904862146,-1268355362,428471875
1689865324,-7078594959904862145,1798568798,-1161233585
1689865324,-7078594959904862144,-1075897895,-1108202020
1689865324,-7078594959904862143,-23321567,326673535
1689865324,-7078594959904862142,-481150055,-1161233585
1689865324,-7078594959904862141,-214245194,-2001581117
1689865324,-7078594959904862140,-271002760,-920627408
1689865324,-7078594959904862139,-2079515386,326673535
1689865324,-7078594959904862138,2043397261,-1108202020
1689865324,-7078594959904862137,-1452845485,428471875
1689865324,-7078594959904862136,-1653843330,75814729
1689865324,-7078594959904862135,1029237766,-568165074
1689865324,-7078594959904862134,1022375005,-568165074
1689865324,-7078594959904862133,1690146005,-1108202020
1689865324,-7078594959904862132,351991420,-920627408
1689865324,-7078594959904862131,82136005,-1161233585
1689865324,-7078594959904862130,1574692767,-920627408
1689865324,-7078594959904862129,879271324,75814729
1689865324,-7078594959904862128,-1750978268,-920627408
1689865324,-7078594959904862127,-586801065,-2001581117
1689865324,-7078594959904862126,-930791275,-2001581117
1689865324,-7078594959904862125,-1705234946,326673535
1689865324,-7078594959904862124,-884499070,-1108202020
1689865324,-7078594959904862123,1937556691,75814729
1689865324,-7078594959904862122,2036578217,428471875
1689865324,-7078594959904862121,1680319596,326673535
1689865324,-7078594959904862120,-1265139025,-920627408
1689865324,-7078594959904862119,-1010755798,-2001581117
1689865324,-7078594959904862118,1965577715,-568165074
1689865324,-7078594959904862117,-1315012273,428471875
1689865324,-7078594959904862116,-1565596812,75814729
1689865324,-7078594959904862115,1358037696,428471875
1689865324,-7078594959904862114,1922376462,428471875
1689865324,-7078594959904862113,-1946244984,-920627408
1689865324,-7078594959904862112,-463397384,428471875
1689865324,-7078594959904862111,1659711135,326673535
1689865324,-7078594959904862110,139703968,-1108202020
1689865324,-7078594959904862109,1701903600,326673535
1689865324,-7078594959904862108,2045903686,-568165074
1689865324,-7078594959904862107,1912692629,-568165074
1689865324,-7078594959904862106,953071760,-2001581117
1689865324,-7078594959904862105,-542986685,-1161233585
1689865324,-7078594959904862104,-2094301642,326673535
1689865324,-7078594959904862103,194453220,-2001581117
1689865324,-7078594959904862102,2105937450,-568165074
1689865324,-7078594959904862101,713140653,-1108202020
1689865324,-7078594959904862100,-1885027346,-568165074
1689865324,-7078594959904862099,1101368697,-1161233585
1689865324,-7078594959904862098,-65402475,-1161233585
1689865324,-7078594959904862097,-1920174102,326673535
1689865324,-7078594959904862096,447137478,75814729
1689865324,-7078594959904862095,-1699372925,-1161233585
1689865324,-7078594959904862094,2062755621,-1108202020
1689865324,-7078594959904862093,-7048358,-2001581117
1689865324,-7078594959904862092,-1537535891,-2001581117
1689865324,-7078594959904862091,-170447692,326673535
1689865324,-7078594959904862090,-2016383674,-1108202020
1689865324,-7078594959904862089,204702779,-1161233585
1689865324,-7078594959904862088,2081408929,-568165074
1689865324,-7078594959904862087,-2116528956,75814729
1689865324,-7078594959904862086,1240984557,-1108202020
1689865324,-7078594959904862085,1540386693,75814729
1689865324,-7078594959904862084,147324075,326673535
1689865324,-7078594959904862083,-701761528,75814729
1689865324,-7078594959904862082,2027580438,-1108202020
1689865324,-7078594959904862081,-2140046095,-920627408
1689865324,-7078594959904862080,292086439,428471875
1689865324,-7078594959904862079,814062668,-1161233585
1689865324,-7078594959904862078,466854835,75814729
1689865324,-7078594959904862077,1130297702,-2001581117
1689865324,-7078594959904862076,1779462737,-1108202020
1689865324,-7078594959904862075,779894644,-1108202020
1689865324,-7078594959904862074,1888660566,-1161233585
1689865324,-7078594959904862073,418825326,-568165074
1689865324,-7078594959904862072,1878081864,-920627408
1689865324,-7078594959904862071,141381411,428471875
1689865324,-7078594959904862070,-1468415679,428471875
1689865324,-7078594959904862069,1659719340,326673535
1689865324,-7078594959904862068,-2077087910,-2001581117
1689865324,-7078594959904862067,-194151049,-568165074
1689865324,-7078594959904862066,2081723553,-1161233585
1689865324,-7078594959904862065,51624818,326673535
1689865324,-7078594959904862064,-82853004,326673535
1689865324,-7078594959904862063,-1844839186,75814729
1689865324,-7078594959904862062,-1635968289,75814729
1689865324,-7078594959904862061,551894593,75814729
1689865324,-7078594959904862060,1635500631,326673535
1689865324,-7078594959904862059,2020007873,-1161233585
1689865324,-7078594959904862058,-932692809,-1108202020
1689865324,-7078594959904862057,-1747866318,-1108202020
1689865324,-7078594959904862056,-261439321,-2001581117
1689865324,-7078594959904862055,-376323775,326673535
1689865324,-7078594959904862054,1703250758,-568165074
1689865324,-7078594959904862053,-659630524,-1161233585
1689865324,-7078594959904862052,1730180721,-920627408
1689865324,-7078594959904862051,-1955072346,326673535
1689865324,-7078594959904862050,-242570211,428471875
1689865324,-7078594959904862049,-1743300453,-1161233585
1689865324,-7078594959904862048,-1509610701,75814729
1689865324,-7078594959904862047,-1579454969,-920627408
1689865324,-7078594959904862046,-520309214,75814729
1689865324,-7078594959904862045,-1757399871,428471875
1689865324,-7078594959904862044,1406521146,326673535
1689865324,-7078594959904862043,2030681763,75814729
1689865324,-7078594959904862042,70313689,-2001581117
1689865324,-7078594959904862041,1877264436,-568165074
1689865324,-7078594959904862040,-554074151,326673535
1689865324,-7078594959904862039,403927599,-1108202020
1689865324,-7078594959904862038,68535943,-568165074
1689865324,-7078594959904862037,2101328694,-1161233585
1689865324,-7078594959904862036,-1623688344,75814729
1689865324,-7078594959904862035,857396925,-920627408
1689865324,-7078594959904862034,1668501928,428471875
1689865324,-7078594959904862033,1547067595,326673535
1689865324,-7078594959904862032,878385166,-568165074
1689865324,-7078594959904862031,44253194,75814729
1689865324,-7078594959904862030,-1409189180,-920627408
1689865324,-7078594959904862029,-612052652,-1108202020
1689865324,-7078594959904862028,1041401470,-1161233585
1689865324,-7078594959904862027,-1942459616,326673535
1689865324,-7078594959904862026,580136664,-2001581117
1689865324,-7078594959904862025,-1993616184,428471875
1689865324,-7078594959904862024,2026069687,75814729
1689865324,-7078594959904862023,-1478803647,-920627408
1689865324,-7078594959904862022,438314314,-1108202020
1689865324,-7078594959904862021,-1966725271,-2001581117
1689865324,-7078594959904862020,2043265415,-1108202020
1689865324,-7078594959904862019,-1533061084,326673535
1689865324,-7078594959904862018,1830064544,428471875
1689865324,-7078594959904862017,-738470128,-1108202020
1689865324,-7078594959904862016,65660428,-568165074
1689865324,-7078594959904862015,-762592616,428471875
1689865324,-7078594959904862014,947304159,-2001581117
1689865324,-7078594959904862013,-636965622,428471875
1689865324,-7078594959904862012,1243391093,75814729
1689865324,-7078594959904862011,2004510629,428471875
1689865324,-7078594959904862010,1867901193,-568165074
1689865324,-7078594959904862009,1209837512,428471875
1689865324,-7078594959904862008,1209344683,-568165074
1689865324,-7078594959904862007,-375029759,-1108202020
1689865324,-7078594959904862006,-1166289078,-1108202020
1689865324,-7078594959904862005,-1192931407,-1108202020
1689865324,-7078594959904862004,-440773998,75814729
1689865324,-7078594959904862003,1579097300,326673535
1689865324,-7078594959904862002,884661515,-568165074
1689865324,-7078594959904862001,1395196585,-1108202020
1689865324,-7078594959904862000,-1684752877,75814729
1689865324,-7078594959904861999,69453197,-1108202020
1689865324,-7078594959904861998,1017253106,-568165074
1689865324,-7078594959904861997,120184039,-1108202020
1689865324,-7078594959904861996,333107348,75814729
1689865324,-7078594959904861995,-1791978420,-1161233585
1689865324,-7078594959904861994,1703156428,326673535
1689865324,-7078594959904861993,-262478090,-2001581117
1689865324,-7078594959904861992,-657366088,326673535
1689865324,-7078594959904861991,-1296217575,-568165074
1689865324,-7078594959904861990,-1859033868,-1108202020
1689865324,-7078594959904861989,-1812525451,-1108202020
1689865324,-7078594959904861988,-154087453,428471875
1689865324,-7078594959904861987,-1012506105,75814729
1689865324,-7078594959904861986,465036336,-1108202020
1689865324,-7078594959904861985,-1098706065,428471875
1689865324,-7078594959904861984,-1774704840,326673535
1689865324,-7078594959904861983,2010550359,-1108202020
1689865324,-7078594959904861982,589423757,-920627408
1689865324,-7078594959904861981,1690393947,-2001581117
1689865324,-7078594959904861980,-2037389204,-2001581117
1689865324,-7078594959904861979,25313364,-2001581117
1689865324,-7078594959904861978,896357577,326673535
1689865324,-7078594959904861977,2017703688,-920627408
1689865324,-7078594959904861976,563212683,-1108202020
1689865324,-7078594959904861975,-331500290,428471875
1689865324,-7078594959904861974,1678061515,-920627408
1689865324,-7078594959904861973,2079383129,-568165074
1689865324,-7078594959904861972,-1444492990,-568165074
1689865324,-7078594959904861971,962772711,-568165074
1689865324,-7078594959904861970,273806039,-2001581117
1689865324,-7078594959904861969,830917318,-1161233585
1689865324,-7078594959904861968,857094674,75814729
1689865324,-7078594959904861967,-1628209665,-1161233585
1689865324,-7078594959904861966,-1144159403,-568165074
1689865324,-7078594959904861965,2042421462,428471875
1689865324,-7078594959904861964,-2060400072,-1161233585
1689865324,-7078594959904861963,582030995,75814729
1689865324,-7078594959904861962,1556804411,428471875
1689865324,-7078594959904861961,-1633281240,-920627408
1689865324,-7078594959904861960,440878484,-1108202020
1689865324,-7078594959904861959,2028697371,-920627408
1689865324,-7078594959904861958,381663884,-568165074
1689865324,-7078594959904861957,1092848098,326673535
1689865324,-7078594959904861956,-2115647006,326673535
1689865324,-7078594959904861955,1280328794,-920627408
1689865324,-7078594959904861954,209080735,-568165074
1689865324,-7078594959904861953,120444096,-2001581117
1689865324,-7078594959904861952,-143862787,326673535
1689865324,-7078594959904861951,-126222760,-1161233585
1689865324,-7078594959904861950,728768901,75814729
1689865324,-7078594959904861949,304460170,75814729
1689865324,-7078594959904861948,81954769,-1161233585
1689865324,-7078594959904861947,1386130220,-568165074
1689865324,-7078594959904861946,689596685,75814729
1689865324,-7078594959904861945,-1781762507,-2001581117
1689865324,-7078594959904861944,-283017132,-1108202020
1689865324,-7078594959904861943,2030045651,-920627408
1689865324,-7078594959904861942,672650820,-1108202020
1689865324,-7078594959904861941,1645863652,-920627408
1689865324,-7078594959904861940,-226396504,1410942682
1689865324,-7078594959904861939,266343510,1410942682
1689865324,-7078594959904861938,-83827157,75814729
1689865324,-7078594959904861937,-2005284557,428471875
1689865324,-7078594959904861936,1936902522,-1161233585
1689865324,-7078594959904861935,1441208787,428471875
1689865324,-7078594959904861934,342639068,326673535
1689865324,-7078594959904861933,934427866,-1161233585
1689865324,-7078594959904861932,2004620491,-2001581117
1689865324,-7078594959904861931,76403126,326673535
1689865324,-7078594959904861930,-797079216,75814729
1689865324,-7078594959904861929,-1834849021,1410942682
1689865324,-7078594959904861928,-97533327,-1161233585
1689865324,-7078594959904861927,1280183559,-568165074
1689865324,-7078594959904861926,794367742,-568165074
1689865324,-7078594959904861925,-725326019,1410942682
1689865324,-7078594959904861924,588140152,75814729
1689865324,-7078594959904861923,1956216088,-2001581117
1689865324,-7078594959904861922,-1705234946,-568165074
1689865324,-7078594959904861921,-1823325137,-1108202020
1689865324,-7078594959904861920,186460554,1410942682
1689865324,-7078594959904861919,-2078866545,-1108202020
1689865324,-7078594959904861918,73980739,1410942682
1689865324,-7078594959904861917,1741131979,75814729
1689865324,-7078594959904861916,-1648991029,-568165074
1689865324,-7078594959904861915,-86388216,-1108202020
1689865324,-7078594959904861914,1644222857,428471875
1689865324,-7078594959904861913,-531728837,428471875
1689865324,-7078594959904861912,-1190107655,-1108202020
1689865324,-7078594959904861911,-1745108665,-1108202020
1689865324,-7078594959904861910,257555979,-568165074
1689865324,-7078594959904861909,692455473,428471875
1689865324,-7078594959904861908,-954963968,428471875
1689865324,-7078594959904861907,-1684486009,-2001581117
1689865324,-7078594959904861906,-1799173123,-568165074
1689865324,-7078594959904861905,727608898,-568165074
1689865324,-7078594959904861904,359249956,75814729
1689865324,-7078594959904861903,-83385103,75814729
1689865324,-7078594959904861902,136889103,-1161233585
1689865324,-7078594959904861901,-1931874079,969395630
1689865324,-7078594959904861900,2081786872,969395630
1689865324,-7078594959904861899,1584215709,-1161233585
1689865324,-7078594959904861898,-1113511997,326673535
1689865324,-7078594959904861897,-166743572,-1108202020
1689865324,-7078594959904861896,1865862454,1410942682
1689865324,-7078594959904861895,1734233825,1410942682
1689865324,-7078594959904861894,-2076245982,75814729
1689865324,-7078594959904861893,-1265758234,326673535
1689865324,-7078594959904861892,-1543514523,-1161233585
1689865324,-7078594959904861891,-677398774,969395630
1689865324,-7078594959904861890,72854790,1410942682
1689865324,-7078594959904861889,-1627544260,-1108202020
1689865324,-7078594959904861888,226457405,428471875
1689865324,-7078594959904861887,528131165,969395630
1689865324,-7078594959904861886,1055916565,428471875
1689865324,-7078594959904861885,1150965041,-1161233585
1689865324,-7078594959904861884,-92803815,75814729
1689865324,-7078594959904861883,-25374746,326673535
1689865324,-7078594959904861882,2087329593,-1161233585
1689865324,-7078594959904861881,-2127669829,428471875
1689865324,-7078594959904861880,2065744510,969395630
1689865324,-7078594959904861879,1798083261,428471875
1689865324,-7078594959904861878,-1960282315,75814729
1689865324,-7078594959904861877,-1908790151,-568165074
1689865324,-7078594959904861876,-131523187,1410942682
1689865324,-7078594959904861875,1662119755,326673535
1689865324,-7078594959904861874,-93606818,428471875
1689865324,-7078594959904861873,451558272,1410942682
1689865324,-7078594959904861872,1789716845,75814729
1689865324,-7078594959904861871,2043265415,-568165074
1689865324,-7078594959904861870,2120876083,428471875
1689865324,-7078594959904861869,-390716838,-1108202020
1689865324,-7078594959904861868,479140089,969395630
1689865324,-7078594959904861867,-1695781536,-1161233585
1689865324,-7078594959904861866,137194205,-568165074
1689865324,-7078594959904861865,-567048478,-1161233585
1689865324,-7078594959904861864,1643824972,326673535
1689865324,-7078594959904861863,489105119,428471875
1689865324,-7078594959904861862,-299701598,-568165074
1689865324,-7078594959904861861,-1427126222,-1108202020
1689865324,-7078594959904861860,516447232,969395630
1689865324,-7078594959904861859,-177104080,75814729
1689865324,-7078594959904861858,1703156428,1410942682
1689865324,-7078594959904861857,-1759691245,969395630
1689865324,-7078594959904861856,-1557328145,-568165074
1689865324,-7078594959904861855,-1696891585,75814729
1689865324,-7078594959904861854,-1301485640,-1108202020
1689865324,-7078594959904861853,1942480027,1410942682
1689865324,-7078594959904861852,714087621,-1108202020
1689865324,-7078594959904861851,27230571,-568165074
1689865324,-7078594959904861850,894015678,75814729
1689865324,-7078594959904861849,-80025554,1410942682
1689865324,-7078594959904861848,1261915852,75814729
1689865324,-7078594959904861847,803329093,326673535
1689865324,-7078594959904861846,1501111131,75814729
1689865324,-7078594959904861845,154763083,75814729
1689865324,-7078594959904861844,-1811423032,-1161233585
1689865324,-7078594959904861843,558431098,-1161233585
1689865324,-7078594959904861842,97510424,428471875
1689865324,-7078594959904861841,-2077317094,75814729
1689865324,-7078594959904861840,-153253608,-568165074
1689865324,-7078594959904861839,2088287705,-568165074
1689865324,-7078594959904861838,1678061515,75814729
1689865324,-7078594959904861837,1867623750,326673535
1689865324,-7078594959904861836,-1832883172,-1161233585
1689865324,-7078594959904861835,65883013,-568165074
1689865324,-7078594959904861834,-653293165,969395630
1689865324,-7078594959904861833,-1647977788,428471875
1689865324,-7078594959904861832,-1502918912,969395630
1689865324,-7078594959904861831,4817948,428471875
1689865324,-7078594959904861830,-1153025793,326673535
1689865324,-7078594959904861829,2039299527,-1108202020
1689865324,-7078594959904861828,1659719340,-1161233585
1689865324,-7078594959904861827,574665515,-1161233585
1689865324,-7078594959904861826,64407844,-568165074
1689865324,-7078594959904861825,123249901,-568165074
1689865324,-7078594959904861824,79222594,-1161233585
1689865324,-7078594959904861823,-56386001,969395630
1689865324,-7078594959904861822,1160240459,75814729
1689865324,-7078594959904861821,1800789230,-568165074
1689865324,-7078594959904861820,-127714590,969395630
1689865324,-7078594959904861819,-1848808889,969395630
1689865324,-7078594959904861818,1979457142,428471875
1689865324,-7078594959904861817,-682005041,326673535
1689865324,-7078594959904861816,1358598980,75814729
1689865324,-7078594959904861815,1259424880,326673535
1689865324,-7078594959904861814,-610888970,75814729
1689865324,-7078594959904861813,1026716285,-1161233585
1689865324,-7078594959904861812,-998512037,1410942682
1689865324,-7078594959904861811,139232610,-1161233585
1689865324,-7078594959904861810,-586430090,75814729
1689865324,-7078594959904861809,-1770229072,326673535
1689865324,-7078594959904861808,666981081,-568165074
1689865324,-7078594959904861807,245423436,-1108202020
1689865324,-7078594959904861806,2116744564,1410942682
1689865324,-7078594959904861805,136477206,326673535
1689865324,-7078594959904861804,-1943926003,326673535
1689865324,-7078594959904861803,2134326695,-1108202020
1689865324,-7078594959904861802,69536451,428471875
1689865324,-7078594959904861801,-434480431,-568165074
1689865324,-7078594959904861800,2081152208,428471875
1689865324,-7078594959904861799,-263574540,-568165074
1689865324,-7078594959904861798,-650460316,1410942682
1689865324,-7078594959904861797,-996600879,-568165074
1689865324,-7078594959904861796,844158765,-1161233585
1689865324,-7078594959904861795,-2121679965,-1161233585
1689865324,-7078594959904861794,-2021714118,1410942682
1689865324,-7078594959904861793,-1112815877,75814729
1689865324,-7078594959904861792,-1933671059,75814729
1689865324,-7078594959904861791,937167554,1410942682
1689865324,-7078594959904861790,1005689162,326673535
1689865324,-7078594959904861789,-1928418979,75814729
1689865324,-7078594959904861788,-1010642265,326673535
1689865324,-7078594959904861787,1581630115,-1161233585
1689865324,-7078594959904861786,-899471799,-1108202020
1689865324,-7078594959904861785,-2027445750,326673535
1689865324,-7078594959904861784,-137683564,1410942682
1689865324,-7078594959904861783,-532494484,75814729
1689865324,-7078594959904861782,1205217542,-568165074
1689865324,-7078594959904861781,-568627383,-1161233585
1689865324,-7078594959904861780,1738771581,326673535
1689865324,-7078594959904861779,1165489829,326673535
1689865324,-7078594959904861778,1400807778,326673535
1689865324,-7078594959904861777,1571274781,1410942682
1689865324,-7078594959904861776,-294610874,969395630
1689865324,-7078594959904861775,916736118,1410942682
1689865324,-7078594959904861774,-762592616,-568165074
1689865324,-7078594959904861773,769214294,-1108202020
1689865324,-7078594959904861772,-907535886,75814729
1689865324,-7078594959904861771,-1334519455,969395630
1689865324,-7078594959904861770,322726932,1410942682
1689865324,-7078594959904861769,-127354117,969395630
1689865324,-7078594959904861768,30105766,-1161233585
1689865324,-7078594959904861767,-2054647047,-568165074
1689865324,-7078594959904861766,381663884,1410942682
1689865324,-7078594959904861765,-1966458269,428471875
1689865324,-7078594959904861764,-1860208775,-1108202020
1689865324,-7078594959904861763,1763408255,-1108202020
1689865324,-7078594959904861762,-411985083,-1108202020
1689865324,-7078594959904861761,-614973047,326673535
1689865324,-7078594959904861760,877616496,75814729
1689865324,-7078594959904861759,-75890492,969395630
1689865324,-7078594959904861758,268026326,1410942682
1689865324,-7078594959904861757,1815118463,-201539406
1689865324,-7078594959904861756,1430802216,75814729
1689865324,-7078594959904861755,559338483,428471875
1689865324,-7078594959904861754,-1699372925,-1161233585
1689865324,-7078594959904861753,-2086629855,-1161233585
1689865324,-7078594959904861752,203622553,1410942682
1689865324,-7078594959904861751,-23546211,428471875
1689865324,-7078594959904861750,-1321658216,1410942682
1689865324,-7078594959904861749,-1922414223,428471875
1689865324,-7078594959904861748,-754410997,-201539406
1689865324,-7078594959904861747,-383614560,75814729
1689865324,-7078594959904861746,175927739,75814729
1689865324,-7078594959904861745,-284487064,326673535
1689865324,-7078594959904861744,-1739053616,1410942682
1689865324,-7078594959904861743,77507784,969395630
1689865324,-7078594959904861742,-2016516969,428471875
1689865324,-7078594959904861741,2041315434,75814729
1689865324,-7078594959904861740,-730358099,969395630
1689865324,-7078594959904861739,-2073331475,1410942682
1689865324,-7078594959904861738,2042025324,326673535
1689865324,-7078594959904861737,870113346,75814729
1689865324,-7078594959904861736,-2001410389,326673535
1689865324,-7078594959904861735,-2107769561,-568165074
1689865324,-7078594959904861734,2079383129,1410942682
1689865324,-7078594959904861733,1909798732,428471875
1689865324,-7078594959904861732,794367742,969395630
1689865324,-7078594959904861731,-1788513403,1410942682
1689865324,-7078594959904861730,176307401,1410942682
1689865324,-7078594959904861729,505825493,1410942682
1689865324,-7078594959904861728,-2078441865,75814729
1689865324,-7078594959904861727,1698086537,-201539406
1689865324,-7078594959904861726,-1187602873,-201539406
1689865324,-7078594959904861725,-2122406282,326673535
1689865324,-7078594959904861724,1151084793,-568165074
1689865324,-7078594959904861723,519033153,326673535
1689865324,-7078594959904861722,1677386681,1410942682
1689865324,-7078594959904861721,1044946051,75814729
1689865324,-7078594959904861720,74935989,1410942682
1689865324,-7078594959904861719,-227180078,-568165074
1689865324,-7078594959904861718,-1647067439,75814729
1689865324,-7078594959904861717,1680581445,-568165074
1689865324,-7078594959904861716,1358037696,75814729
1689865324,-7078594959904861715,1209837512,969395630
1689865324,-7078594959904861714,-429296591,1410942682
1689865324,-7078594959904861713,540960025,969395630
1689865324,-7078594959904861712,-249050617,1410942682
1689865324,-7078594959904861711,216184431,-201539406
1689865324,-7078594959904861710,-1324734935,428471875
1689865324,-7078594959904861709,-1870414973,75814729
1689865324,-7078594959904861708,1814373605,-568165074
1689865324,-7078594959904861707,1462628241,-201539406
1689865324,-7078594959904861706,-1818059860,-568165074
1689865324,-7078594959904861705,771807498,75814729
1689865324,-7078594959904861704,-7935526,75814729
1689865324,-7078594959904861703,487885361,1410942682
1689865324,-7078594959904861702,-1675749332,646097263
1689865324,-7078594959904861701,316998054,969395630
1689865324,-7078594959904861700,514785118,969395630
1689865324,-7078594959904861699,255331481,-201539406
1689865324,-7078594959904861698,-526018921,-1161233585
1689865324,-7078594959904861697,2117909547,646097263
1689865324,-7078594959904861696,935987743,326673535
1689865324,-7078594959904861695,-220272866,1410942682
1689865324,-7078594959904861694,-502198997,1410942682
1689865324,-7078594959904861693,-1539326478,969395630
1689865324,-7078594959904861692,789112644,428471875
1689865324,-7078594959904861691,-1864958727,646097263
1689865324,-7078594959904861690,996776405,646097263
1689865324,-7078594959904861689,68278340,428471875
1689865324,-7078594959904861688,-1376908121,646097263
1689865324,-7078594959904861687,71735491,969395630
1689865324,-7078594959904861686,-604475144,-201539406
1689865324,-7078594959904861685,-1260316477,-1161233585
1689865324,-7078594959904861684,-182231234,1410942682
1689865324,-7078594959904861683,-979455435,-201539406
1689865324,-7078594959904861682,1967188752,75814729
1689865324,-7078594959904861681,1236204154,969395630
1689865324,-7078594959904861680,-1019320139,428471875
1689865324,-7078594959904861679,-1515015787,428471875
1689865324,-7078594959904861678,-1846186228,969395630
1689865324,-7078594959904861677,4286718,326673535
1689865324,-7078594959904861676,-1791282971,969395630
1689865324,-7078594959904861675,150133400,1410942682
1689865324,-7078594959904861674,-1863552428,428471875
1689865324,-7078594959904861673,136052652,428471875
1689865324,-7078594959904861672,2071050345,-1161233585
1689865324,-7078594959904861671,1789716845,969395630
1689865324,-7078594959904861670,-1539911789,646097263
1689865324,-7078594959904861669,-504307157,969395630
1689865324,-7078594959904861668,368546865,-201539406
1689865324,-7078594959904861667,-2029675203,326673535
1689865324,-7078594959904861666,-292207185,75814729
1689865324,-7078594959904861665,1556804411,969395630
1689865324,-7078594959904861664,-195214614,428471875
1689865324,-7078594959904861663,20887244,-1161233585
1689865324,-7078594959904861662,-194151049,428471875
1689865324,-7078594959904861661,200674116,646097263
1689865324,-7078594959904861660,1849596378,326673535
1689865324,-7078594959904861659,-32539158,-1161233585
1689865324,-7078594959904861658,144697762,969395630
1689865324,-7078594959904861657,-749958373,326673535
1689865324,-7078594959904861656,-2063712608,326673535
1689865324,-7078594959904861655,-493796156,75814729
1689865324,-7078594959904861654,-542986685,-1161233585
1689865324,-7078594959904861653,2092669008,1410942682
1689865324,-7078594959904861652,-1770229072,428471875
1689865324,-7078594959904861651,71416043,969395630
1689865324,-7078594959904861650,1528459446,326673535
1689865324,-7078594959904861649,-205116248,-201539406
1689865324,-7078594959904861648,-359915018,969395630
1689865324,-7078594959904861647,490098108,428471875
1689865324,-7078594959904861646,-1504930063,75814729
1689865324,-7078594959904861645,-1012506105,428471875
1689865324,-7078594959904861644,-136105298,-1161233585
1689865324,-7078594959904861643,1369738981,-201539406
1689865324,-7078594959904861642,1961622203,1410942682
1689865324,-7078594959904861641,-1788509857,326673535
1689865324,-7078594959904861640,1320911497,326673535
1689865324,-7078594959904861639,-1840294213,326673535
1689865324,-7078594959904861638,481852644,646097263
1689865324,-7078594959904861637,2076849690,-201539406
1689865324,-7078594959904861636,1550172199,326673535
1689865324,-7078594959904861635,1374308743,75814729
1689865324,-7078594959904861634,530532206,1410942682
1689865324,-7078594959904861633,-1723454936,1410942682
1689865324,-7078594959904861632,1747634115,646097263
1689865324,-7078594959904861631,-613879142,-1161233585
1689865324,-7078594959904861630,-598487627,969395630
1689865324,-7078594959904861629,-1026362806,-1161233585
1689865324,-7078594959904861628,-616435978,646097263
1689865324,-7078594959904861627,1738771581,326673535
1689865324,-7078594959904861626,-924723570,326673535
1689865324,-7078594959904861625,321347679,75814729
1689865324,-7078594959904861624,-644688073,646097263
1689865324,-7078594959904861623,1031414482,75814729
1689865324,-7078594959904861622,391278628,-201539406
1689865324,-7078594959904861621,-299701598,428471875
1689865324,-7078594959904861620,1502526970,75814729
1689865324,-7078594959904861619,1092848098,969395630
1689865324,-7078594959904861618,1472272862,428471875
1689865324,-7078594959904861617,1467549244,-201539406
1689865324,-7078594959904861616,715047925,646097263
1689865324,-7078594959904861615,1912692629,1410942682
1689865324,-7078594959904861614,1579097300,428471875
1689865324,-7078594959904861613,-1287264219,75814729
1689865324,-7078594959904861612,-964413979,969395630
1689865324,-7078594959904861611,-1646162517,1410942682
1689865324,-7078594959904861610,-578515414,646097263
1689865324,-7078594959904861609,771807498,326673535
1689865324,-7078594959904861608,-830064476,646097263
1689865324,-7078594959904861607,-1974414695,646097263
1689865324,-7078594959904861606,-762496277,326673535
1689865324,-7078594959904861605,2081713398,75814729
1689865324,-7078594959904861604,-2026138915,75814729
1689865324,-7078594959904861603,1518752105,1410942682
1689865324,-7078594959904861602,2035632771,326673535
1689865324,-7078594959904861601,-680430748,646097263
1689865324,-7078594959904861600,1341966022,75814729
1689865324,-7078594959904861599,-898973310,326673535
1689865324,-7078594959904861598,-2048334623,-1161233585
1689865324,-7078594959904861597,243420630,1410942682
1689865324,-7078594959904861596,-1743583337,428471875
1689865324,-7078594959904861595,1502224893,75814729
1689865324,-7078594959904861594,1309770601,428471875
1689865324,-7078594959904861593,399489628,326673535
1689865324,-7078594959904861592,1153859288,1410942682
1689865324,-7078594959904861591,266577806,-1161233585
1689865324,-7078594959904861590,533180021,646097263
1689865324,-7078594959904861589,315940927,428471875
1689865324,-7078594959904861588,2056888064,75814729
1689865324,-7078594959904861587,-1508082600,75814729
1689865324,-7078594959904861586,1548223554,428471875
1689865324,-7078594959904861585,756839560,-1161233585
1689865324,-7078594959904861584,-807039552,646097263
1689865324,-7078594959904861583,574665515,969395630
1689865324,-7078594959904861582,1556804411,-1161233585
1689865324,-7078594959904861581,519033153,969395630
1689865324,-7078594959904861580,-2119771519,75814729
1689865324,-7078594959904861579,189743683,646097263
1689865324,-7078594959904861578,769214294,969395630
1689865324,-7078594959904861577,215085259,1410942682
1689865324,-7078594959904861576,-1772083458,-1161233585
1689865324,-7078594959904861575,1803125081,428471875
1689865324,-7078594959904861574,1420617194,1410942682
1689865324,-7078594959904861573,-2039021391,646097263
1689865324,-7078594959904861572,-1608471485,646097263
1689865324,-7078594959904861571,-1956307363,326673535
1689865324,-7078594959904861570,120183081,-1161233585
1689865324,-7078594959904861569,2103394551,-201539406
1689865324,-7078594959904861568,-360660405,428471875
1689865324,-7078594959904861567,144885584,428471875
1689865324,-7078594959904861566,-1923388680,326673535
1689865324,-7078594959904861565,-2079377251,326673535
1689865324,-7078594959904861564,-1791050720,326673535
1689865324,-7078594959904861563,63459986,969395630
1689865324,-7078594959904861562,-936868340,326673535
1689865324,-7078594959904861561,-187983802,75814729
1689865324,-7078594959904861560,-1444660137,428471875
1689865324,-7078594959904861559,1501111131,1410942682
1689865324,-7078594959904861558,451576499,969395630
1689865324,-7078594959904861557,-1304104077,326673535
1689865324,-7078594959904861556,2081408929,75814729
1689865324,-7078594959904861555,934427866,428471875
1689865324,-7078594959904861554,-1432427251,326673535
1689865324,-7078594959904861553,351663992,-201539406
1689865324,-7078594959904861552,-1646510951,-1161233585
1689865324,-7078594959904861551,675301817,1410942682
1689865324,-7078594959904861550,577614978,646097263
1689865324,-7078594959904861549,2017622640,969395630
1689865324,-7078594959904861548,888274610,969395630
1689865324,-7078594959904861547,1966882814,-201539406
1689865324,-7078594959904861546,-2048880145,326673535
1689865324,-7078594959904861545,271450003,646097263
1689865324,-7078594959904861544,387762359,646097263
1689865324,-7078594959904861543,-1151313663,428471875
1689865324,-7078594959904861542,1263793337,-1161233585
1689865324,-7078594959904861541,-718708282,-201539406
1689865324,-7078594959904861540,-570249427,-1161233585
1689865324,-7078594959904861539,415503117,326673535
1689865324,-7078594959904861538,141381411,969395630
1689865324,-7078594959904861537,2025183173,1410942682
1689865324,-7078594959904861536,-676330588,428471875
1689865324,-7078594959904861535,-365086028,-201539406
1689865324,-7078594959904861534,-1929715609,75814729
1689865324,-7078594959904861533,-1689778742,1410942682
1689865324,-7078594959904861532,-1606340382,1410942682
1689865324,-7078594959904861531,1349991147,-201539406
1689865324,-7078594959904861530,-762592616,75814729
1689865324,-7078594959904861529,-1409110519,428471875
1689865324,-7078594959904861528,1804405185,969395630
1689865324,-7078594959904861527,769214294,-201539406
1689865324,-7078594959904861526,-2098056907,969395630
1689865324,-7078594959904861525,-2049318419,1410942682
1689865324,-7078594959904861524,1332195235,-1161233585
1689865324,-7078594959904861523,1159593686,646097263
1689865324,-7078594959904861522,400331802,-201539406
1689865324,-7078594959904861521,2008939729,646097263
1689865324,-7078594959904861520,-1727752126,326673535
1689865324,-7078594959904861519,503674409,-201539406
1689865324,-7078594959904861518,1703156428,326673535
1689865324,-7078594959904861517,-1986131909,1410942682
1689865324,-7078594959904861516,-1650900113,969395630
1689865324,-7078594959904861515,2013289864,-1161233585
1689865324,-7078594959904861514,-1477609555,428471875
1689865324,-7078594959904861513,145820972,1410942682
1689865324,-7078594959904861512,78226475,-1161233585
1689865324,-7078594959904861511,-2128017218,428471875
1689865324,-7078594959904861510,-263574540,75814729
1689865324,-7078594959904861509,-2052190660,326673535
1689865324,-7078594959904861508,889240129,969395630
1689865324,-7078594959904861507,342639068,646097263
1689865324,-7078594959904861506,-791924369,-1161233585
1689865324,-7078594959904861505,-186608097,-201539406
1689865324,-7078594959904861504,-1304655037,646097263
1689865324,-7078594959904861503,-263993903,1410942682
1689865324,-7078594959904861502,-2048443700,646097263
1689865324,-7078594959904861501,-1010642265,646097263
1689865324,-7078594959904861500,-1294384503,969395630
1689865324,-7078594959904861499,-2065624534,326673535
1689865324,-7078594959904861498,2049421755,75814729
1689865324,-7078594959904861497,-1485410252,1410942682
1689865324,-7078594959904861496,-1533602291,75814729
1689865324,-7078594959904861495,2080360737,646097263
1689865324,-7078594959904861494,1029237766,326673535
1689865324,-7078594959904861493,-1556157453,-1161233585
1689865324,-7078594959904861492,516462556,646097263
1689865324,-7078594959904861491,878871820,646097263
1689865324,-7078594959904861490,-2122265185,969395630
1689865324,-7078594959904861489,-226358872,-201539406
1689865324,-7078594959904861488,-1906051130,1410942682
1689865324,-7078594959904861487,-2111197422,-201539406
1689865324,-7078594959904861486,-48646932,-1161233585
1689865324,-7078594959904861485,1927667885,-1161233585
1689865324,-7078594959904861484,-1315012273,428471875
1689865324,-7078594959904861483,306771820,-1161233585
1689865324,-7078594959904861482,1964582103,-201539406
1689865324,-7078594959904861481,-549797018,-1161233585
1689865324,-7078594959904861480,492838741,428471875
1689865324,-7078594959904861479,259460154,75814729
1689865324,-7078594959904861478,-1246047347,75814729
1689865324,-7078594959904861477,1730180721,-1161233585
1689865324,-7078594959904861476,-266712784,646097263
1689865324,-7078594959904861475,1553756851,428471875
1689865324,-7078594959904861474,-75890492,-201539406
1689865324,-7078594959904861473,1797409991,75814729
1689865324,-7078594959904861472,740286637,1410942682
1689865324,-7078594959904861471,92378677,-1161233585
1689865324,-7078594959904861470,2106334050,428471875
1689865324,-7078594959904861469,-2133936482,1118982961
1689865324,-7078594959904861468,-2014654096,1118982961
1689865324,-7078594959904861467,-2094227396,-1161233585
1689865324,-7078594959904861466,-1812525451,969395630
1689865324,-7078594959904861465,-1668424793,1410942682
1689865324,-7078594959904861464,563220802,428471875
1689865324,-7078594959904861463,2129228759,-1161233585
1689865324,-7078594959904861462,342437782,1410942682
1689865324,-7078594959904861461,-1112815877,75814729
1689865324,-7078594959904861460,139132077,1118982961
1689865324,-7078594959904861459,87450172,1410942682
1689865324,-7078594959904861458,600539749,75814729
1689865324,-7078594959904861457,2029540570,1410942682
1689865324,-7078594959904861456,1788251066,-1161233585
1689865324,-7078594959904861455,-1577577834,326673535
1689865324,-7078594959904861454,65088728,646097263
1689865324,-7078594959904861453,1546449745,969395630
1689865324,-7078594959904861452,-856724430,-1161233585
1689865324,-7078594959904861451,-385801332,326673535
1689865324,-7078594959904861450,673820947,428471875
1689865324,-7078594959904861449,-1326842454,-1161233585
1689865324,-7078594959904861448,-527151281,326673535
1689865324,-7078594959904861447,-1964621077,326673535
1689865324,-7078594959904861446,-1788973462,646097263
1689865324,-7078594959904861445,-611680077,1410942682
1689865324,-7078594959904861444,686910416,-1161233585
1689865324,-7078594959904861443,1397191957,75814729
1689865324,-7078594959904861442,-350132139,969395630
1689865324,-7078594959904861441,-1236841001,969395630
1689865324,-7078594959904861440,1385059769,326673535
1689865324,-7078594959904861439,-307386217,-1161233585
1689865324,-7078594959904861438,-1709521007,1118982961
1689865324,-7078594959904861437,-1188936174,646097263
1689865324,-7078594959904861436,-1708689205,646097263
1689865324,-7078594959904861435,532289420,1410942682
1689865324,-7078594959904861434,-65402755,1410942682
1689865324,-7078594959904861433,48512095,326673535
1689865324,-7078594959904861432,71416043,1410942682
1689865324,-7078594959904861431,2091192969,646097263
1689865324,-7078594959904861430,1322838363,326673535
1689865324,-7078594959904861429,140084074,75814729
1689865324,-7078594959904861428,-1419273870,1410942682
1689865324,-7078594959904861427,1839135633,75814729
1689865324,-7078594959904861426,-799471774,1118982961
1689865324,-7078594959904861425,1925918495,1118982961
1689865324,-7078594959904861424,-2077912982,969395630
1689865324,-7078594959904861423,-1962223440,428471875
1689865324,-7078594959904861422,1706756890,326673535
1689865324,-7078594959904861421,840796619,428471875
1689865324,-7078594959904861420,-2095462964,-1161233585
1689865324,-7078594959904861419,-542216701,1410942682
1689865324,-7078594959904861418,-1792381197,75814729
1689865324,-7078594959904861417,-186608097,75814729
1689865324,-7078594959904861416,-163866334,326673535
1689865324,-7078594959904861415,-1840152171,326673535
1689865324,-7078594959904861414,-938429219,1118982961
1689865324,-7078594959904861413,1804157001,326673535
1689865324,-7078594959904861412,-33415205,969395630
1689865324,-7078594959904861411,1621992416,428471875
1689865324,-7078594959904861410,-856724430,1118982961
1689865324,-7078594959904861409,845285551,1118982961
1689865324,-7078594959904861408,-1788373221,1118982961
1689865324,-7078594959904861407,-956125918,1410942682
1689865324,-7078594959904861406,1908746970,969395630
1689865324,-7078594959904861405,-1248978967,646097263
1689865324,-7078594959904861404,2011297377,969395630
1689865324,-7078594959904861403,-430992904,1118982961
1689865324,-7078594959904861402,-2046985611,-1161233585
1689865324,-7078594959904861401,176307401,646097263
1689865324,-7078594959904861400,-2083328507,969395630
1689865324,-7078594959904861399,-1324043673,646097263
1689865324,-7078594959904861398,1674254250,75814729
1689865324,-7078594959904861397,-1943887799,326673535
1689865324,-7078594959904861396,1582635110,1410942682
1689865324,-7078594959904861395,1530048061,1118982961
1689865324,-7078594959904861394,-1005631790,428471875
1689865324,-7078594959904861393,800158595,428471875
1689865324,-7078594959904861392,2093418785,1410942682
1689865324,-7078594959904861391,1919653341,1410942682
1689865324,-7078594959904861390,2132816570,1118982961
1689865324,-7078594959904861389,2023808015,969395630
1689865324,-7078594959904861388,-1919777808,969395630
1689865324,-7078594959904861387,867568130,1118982961
1689865324,-7078594959904861386,-1893195658,969395630
1689865324,-7078594959904861385,-539227635,428471875
1689865324,-7078594959904861384,692455473,646097263
1689865324,-7078594959904861383,266896587,326673535
1689865324,-7078594959904861382,-201888821,646097263
1689865324,-7078594959904861381,487885361,75814729
1689865324,-7078594959904861380,-584101570,75814729
1689865324,-7078594959904861379,1281140454,646097263
1689865324,-7078594959904861378,816380037,1410942682
1689865324,-7078594959904861377,1738798521,646097263
1689865324,-7078594959904861376,1131283079,1410942682
1689865324,-7078594959904861375,-182501275,326673535
1689865324,-7078594959904861374,-1770231430,646097263
1689865324,-7078594959904861373,68535943,428471875
1689865324,-7078594959904861372,-2119684053,428471875
1689865324,-7078594959904861371,-1974626724,969395630
1689865324,-7078594959904861370,-1323636697,969395630
1689865324,-7078594959904861369,-38812206,1410942682
1689865324,-7078594959904861368,785891453,428471875
1689865324,-7078594959904861367,168496394,428471875
1689865324,-7078594959904861366,-730358099,75814729
1689865324,-7078594959904861365,-770361470,1118982961
1689865324,-7078594959904861364,2085905997,969395630
1689865324,-7078594959904861363,-357466858,-1161233585
1689865324,-7078594959904861362,-1562840615,-1161233585
1689865324,-7078594959904861361,-1353944138,428471875
1689865324,-7078594959904861360,-1905657681,1410942682
1689865324,-7078594959904861359,-152742729,326673535
1689865324,-7078594959904861358,-1844864620,646097263
1689865324,-7078594959904861357,-1718318113,646097263
1689865324,-7078594959904861356,352371295,646097263
1689865324,-7078594959904861355,1271409485,969395630
1689865324,-7078594959904861354,-2072394630,326673535
1689865324,-7078594959904861353,341930620,646097263
1689865324,-7078594959904861352,1168025973,969395630
1689865324,-7078594959904861351,-111061853,969395630
1689865324,-7078594959904861350,275354319,-1161233585
1689865324,-7078594959904861349,1159593686,1410942682
1689865324,-7078594959904861348,223961306,969395630
1689865324,-7078594959904861347,-1608116952,1410942682
1689865324,-7078594959904861346,532289420,646097263
1689865324,-7078594959904861345,-998512037,-1161233585
1689865324,-7078594959904861344,730875020,969395630
1689865324,-7078594959904861343,-538800357,-1161233585
1689865324,-7078594959904861342,-1732344344,1118982961
1689865324,-7078594959904861341,-376323775,1410942682
1689865324,-7078594959904861340,-1083285998,75814729
1689865324,-7078594959904861339,-392802463,428471875
1689865324,-7078594959904861338,-239608112,969395630
1689865324,-7078594959904861337,184021837,1118982961
1689865324,-7078594959904861336,741800293,646097263
1689865324,-7078594959904861335,1672994746,646097263
1689865324,-7078594959904861334,-368622310,428471875
1689865324,-7078594959904861333,-872696513,428471875
1689865324,-7078594959904861332,150928587,969395630
1689865324,-7078594959904861331,-1082986451,-1161233585
1689865324,-7078594959904861330,-160168502,646097263
1689865324,-7078594959904861329,165193440,646097263
1689865324,-7078594959904861328,-84687054,75814729
1689865324,-7078594959904861327,1326649216,1118982961
1689865324,-7078594959904861326,-1537535891,-1161233585
1689865324,-7078594959904861325,1632255925,-2076934680
1689865324,-7078594959904861324,705156856,75814729
1689865324,-7078594959904861323,2081480203,428471875
1689865324,-7078594959904861322,-236055884,646097263
1689865324,-7078594959904861321,274117236,428471875
1689865324,-7078594959904861320,109456888,-2076934680
1689865324,-7078594959904861319,-1093921476,1410942682
1689865324,-7078594959904861318,1412227944,1410942682
1689865324,-7078594959904861317,-499978599,969395630
1689865324,-7078594959904861316,-1905530534,428471875
1689865324,-7078594959904861315,-623299827,-1161233585
1689865324,-7078594959904861314,-609340072,1118982961
1689865324,-7078594959904861313,-1301230128,1410942682
1689865324,-7078594959904861312,-412264974,-1161233585
1689865324,-7078594959904861311,2067623068,1118982961
1689865324,-7078594959904861310,1067837972,-1161233585
1689865324,-7078594959904861309,255929545,-2076934680
1689865324,-7078594959904861308,1662119755,1410942682
1689865324,-7078594959904861307,-1730657257,-2076934680
1689865324,-7078594959904861306,368546865,646097263
1689865324,-7078594959904861305,-1715293197,646097263
1689865324,-7078594959904861304,336430921,969395630
1689865324,-7078594959904861303,-40532116,1118982961
1689865324,-7078594959904861302,1904980168,-2076934680
1689865324,-7078594959904861301,2064841851,75814729
1689865324,-7078594959904861300,1224858482,1410942682
1689865324,-7078594959904861299,-1035359093,1118982961
1689865324,-7078594959904861298,-1601127380,-1161233585
1689865324,-7078594959904861297,1178173682,969395630
1689865324,-7078594959904861296,-1792676584,-1161233585
1689865324,-7078594959904861295,-1316289204,1118982961
1689865324,-7078594959904861294,-143862787,969395630
1689865324,-7078594959904861293,-1412946770,1410942682
1689865324,-7078594959904861292,76013967,646097263
1689865324,-7078594959904861291,-261439321,1410942682
1689865324,-7078594959904861290,-1190107655,1118982961
1689865324,-7078594959904861289,-1422856951,1118982961
1689865324,-7078594959904861288,1374308743,428471875
1689865324,-7078594959904861287,-856542491,75814729
1689865324,-7078594959904861286,-1851761096,646097263
1689865324,-7078594959904861285,-1301485640,75814729
1689865324,-7078594959904861284,1995873833,-2076934680
1689865324,-7078594959904861283,-1325483486,1410942682
1689865324,-7078594959904861282,-603731517,1118982961
1689865324,-7078594959904861281,-550796531,-2076934680
1689865324,-7078594959904861280,442646691,646097263
1689865324,-7078594959904861279,121731467,75814729
1689865324,-7078594959904861278,-1899312635,646097263
1689865324,-7078594959904861277,141317650,969395630
1689865324,-7078594959904861276,2060817054,1118982961
1689865324,-7078594959904861275,71475156,-1161233585
1689865324,-7078594959904861274,981871580,75814729
1689865324,-7078594959904861273,-242812549,646097263
1689865324,-7078594959904861272,-2054296017,969395630
1689865324,-7078594959904861271,113149713,428471875
1689865324,-7078594959904861270,2017703688,75814729
1689865324,-7078594959904861269,-1413007581,-1161233585
1689865324,-7078594959904861268,-1997189918,1410942682
1689865324,-7078594959904861267,290886478,1410942682
1689865324,-7078594959904861266,190505117,1118982961
1689865324,-7078594959904861265,1942966321,1118982961
1689865324,-7078594959904861264,1043794035,646097263
1689865324,-7078594959904861263,-1660243367,75814729
1689865324,-7078594959904861262,456075401,969395630
1689865324,-7078594959904861261,-350132139,969395630
1689865324,-7078594959904861260,-898468274,-2076934680
1689865324,-7078594959904861259,-2138261943,1410942682
1689865324,-7078594959904861258,-394769180,-1161233585
1689865324,-7078594959904861257,2019224439,969395630
1689865324,-7078594959904861256,-550947683,1118982961
1689865324,-7078594959904861255,-1968401992,969395630
1689865324,-7078594959904861254,2125776220,428471875
1689865324,-7078594959904861253,1680319596,1410942682
1689865324,-7078594959904861252,-1711183095,646097263
1689865324,-7078594959904861251,558778737,1410942682
1689865324,-7078594959904861250,-1928940790,75814729
1689865324,-7078594959904861249,-2081699609,75814729
1689865324,-7078594959904861248,1026716285,646097263
1689865324,-7078594959904861247,1966799644,75814729
1689865324,-7078594959904861246,1324688705,646097263
1689865324,-7078594959904861245,2042050514,428471875
1689865324,-7078594959904861244,371954633,1118982961
1689865324,-7078594959904861243,-2045479269,646097263
1689865324,-7078594959904861242,-704765343,428471875
1689865324,-7078594959904861241,2052456514,75814729
1689865324,-7078594959904861240,-228215683,-1161233585
1689865324,-7078594959904861239,81972639,75814729
1689865324,-7078594959904861238,-360412401,-1161233585
1689865324,-7078594959904861237,-1710738491,75814729
1689865324,-7078594959904861236,-1739674814,428471875
1689865324,-7078594959904861235,-1673297989,-2076934680
1689865324,-7078594959904861234,209266369,-1161233585
1689865324,-7078594959904861233,-278675900,884728014
1689865324,-7078594959904861232,1517145679,969395630
1689865324,-7078594959904861231,-1610428477,-2076934680
1689865324,-7078594959904861230,272493550,75814729
1689865324,-7078594959904861229,2080508384,646097263
1689865324,-7078594959904861228,536779867,428471875
1689865324,-7078594959904861227,-2143349673,884728014
1689865324,-7078594959904861226,-2048734734,75814729
1689865324,-7078594959904861225,2087329593,-2076934680
1689865324,-7078594959904861224,-1444492990,75814729
1689865324,-7078594959904861223,466854835,884728014
1689865324,-7078594959904861222,1948198765,1118982961
1689865324,-7078594959904861221,-94649051,428471875
1689865324,-7078594959904861220,598105041,-1161233585
1689865324,-7078594959904861219,-1750465454,646097263
1689865324,-7078594959904861218,999013336,646097263
1689865324,-7078594959904861217,-1522636082,-1161233585
1689865324,-7078594959904861216,-232916293,646097263
1689865324,-7078594959904861215,1120845424,75814729
1689865324,-7078594959904861214,143110215,428471875
1689865324,-7078594959904861213,-1705234946,-1161233585
1689865324,-7078594959904861212,-1929715609,-2076934680
1689865324,-7078594959904861211,-1185918166,-1161233585
1689865324,-7078594959904861210,769214294,75814729
1689865324,-7078594959904861209,-1334519455,-1161233585
1689865324,-7078594959904861208,-706109042,884728014
1689865324,-7078594959904861207,1330260801,1118982961
1689865324,-7078594959904861206,-1909593480,969395630
1689865324,-7078594959904861205,-1857164755,428471875
1689865324,-7078594959904861204,-1919777808,-1161233585
1689865324,-7078594959904861203,551894593,1118982961
1689865324,-7078594959904861202,1026716285,75814729
1689865324,-7078594959904861201,-1712382488,75814729
1689865324,-7078594959904861200,-1973159489,646097263
1689865324,-7078594959904861199,-1956186054,1118982961
1689865324,-7078594959904861198,1644222857,1118982961
1689865324,-7078594959904861197,-1113023994,75814729
1689865324,-7078594959904861196,1779892560,-1161233585
1689865324,-7078594959904861195,1878116308,1118982961
1689865324,-7078594959904861194,73497586,884728014
1689865324,-7078594959904861193,-860143110,428471875
1689865324,-7078594959904861192,69735777,75814729
1689865324,-7078594959904861191,-1330634317,75814729
1689865324,-7078594959904861190,241088672,884728014
1689865324,-7078594959904861189,-500423474,969395630
1689865324,-7078594959904861188,-1614132149,884728014
1689865324,-7078594959904861187,1875119393,969395630
1689865324,-7078594959904861186,403511953,884728014
1689865324,-7078594959904861185,-2088276393,884728014
1689865324,-7078594959904861184,-510779025,646097263
1689865324,-7078594959904861183,-78660471,2087755271
1689865324,-7078594959904861182,-1207376492,646097263
1689865324,-7078594959904861181,1690393947,428471875
1689865324,-7078594959904861180,-296892295,969395630
1689865324,-7078594959904861179,1684211365,884728014
1689865324,-7078594959904861178,215868052,2087755271
1689865324,-7078594959904861177,-1610896283,969395630
1689865324,-7078594959904861176,-1243810850,969395630
1689865324,-7078594959904861175,388398036,1118982961
1689865324,-7078594959904861174,-2016516969,428471875
1689865324,-7078594959904861173,-291285633,2087755271
1689865324,-7078594959904861172,830672789,884728014
1689865324,-7078594959904861171,-669660212,1118982961
1689865324,-7078594959904861170,-184331605,-1161233585
1689865324,-7078594959904861169,2017622640,-1161233585
1689865324,-7078594959904861168,-920228228,646097263
1689865324,-7078594959904861167,-1832883172,75814729
1689865324,-7078594959904861166,293114060,646097263
1689865324,-7078594959904861165,-2004502392,1118982961
1689865324,-7078594959904861164,312603087,428471875
1689865324,-7078594959904861163,2080360737,-1161233585
1689865324,-7078594959904861162,-720509602,75814729
1689865324,-7078594959904861161,-2077530703,75814729
1689865324,-7078594959904861160,-2078441865,646097263
1689865324,-7078594959904861159,1164531725,1118982961
1689865324,-7078594959904861158,845691307,428471875
1689865324,-7078594959904861157,-1663642078,969395630
1689865324,-7078594959904861156,568172450,2087755271
1689865324,-7078594959904861155,-1791265269,428471875
1689865324,-7078594959904861154,730875020,75814729
1689865324,-7078594959904861153,-2039021391,969395630
1689865324,-7078594959904861152,1965852025,2087755271
1689865324,-7078594959904861151,-532022962,969395630
1689865324,-7078594959904861150,1978611913,1118982961
1689865324,-7078594959904861149,-1660689266,2087755271
1689865324,-7078594959904861148,-665855682,646097263
1689865324,-7078594959904861147,-1311268667,428471875
1689865324,-7078594959904861146,724014565,1118982961
1689865324,-7078594959904861145,1495606803,75814729
1689865324,-7078594959904861144,692455473,884728014
1689865324,-7078594959904861143,30669429,2087755271
1689865324,-7078594959904861142,1598443284,-1161233585
1689865324,-7078594959904861141,-2130682660,646097263
1689865324,-7078594959904861140,-616777852,884728014
1689865324,-7078594959904861139,2030681763,1118982961
1689865324,-7078594959904861138,1462083267,969395630
1689865324,-7078594959904861137,1517895425,1118982961
1689865324,-7078594959904861136,1092221434,969395630
1689865324,-7078594959904861135,821979377,428471875
1689865324,-7078594959904861134,2143174420,2087755271
1689865324,-7078594959904861133,1025823530,2087755271
1689865324,-7078594959904861132,859388925,969395630
1689865324,-7078594959904861131,1517145679,1118982961
1689865324,-7078594959904861130,675920725,-1161233585
1689865324,-7078594959904861129,1721648507,646097263
1689865324,-7078594959904861128,1742018441,884728014
1689865324,-7078594959904861127,-2128334377,1118982961
1689865324,-7078594959904861126,-1408836007,884728014
1689865324,-7078594959904861125,-2068070199,1118982961
1689865324,-7078594959904861124,-760789015,2087755271
1689865324,-7078594959904861123,145904141,-1161233585
1689865324,-7078594959904861122,-2048781954,646097263
1689865324,-7078594959904861121,-1775509342,2087755271
1689865324,-7078594959904861120,-183441515,75814729
1689865324,-7078594959904861119,-532494484,2087755271
1689865324,-7078594959904861118,-2128737713,969395630
1689865324,-7078594959904861117,151075386,884728014
1689865324,-7078594959904861116,418825326,1118982961
1689865324,-7078594959904861115,-1005631790,2087755271
1689865324,-7078594959904861114,-1546195346,884728014
1689865324,-7078594959904861113,1536443654,75814729
1689865324,-7078594959904861112,1287306929,2087755271
1689865324,-7078594959904861111,779878188,2087755271
1689865324,-7078594959904861110,1869696710,75814729
1689865324,-7078594959904861109,-1678789640,969395630
1689865324,-7078594959904861108,1659719340,969395630
1689865324,-7078594959904861107,1271409485,1118982961
1689865324,-7078594959904861106,-930791275,-1161233585
1689865324,-7078594959904861105,79222594,75814729
1689865324,-7078594959904861104,2125776220,646097263
1689865324,-7078594959904861103,-1804093326,75814729
1689865324,-7078594959904861102,-2037322273,428471875
1689865324,-7078594959904861101,1804405185,-1161233585
1689865324,-7078594959904861100,200674116,-1161233585
1689865324,-7078594959904861099,1209837512,884728014
1689865324,-7078594959904861098,2054875854,75814729
1689865324,-7078594959904861097,-627239546,1118982961
1689865324,-7078594959904861096,1481749318,969395630
1689865324,-7078594959904861095,177495676,884728014
1689865324,-7078594959904861094,-1327781301,-1161233585
1689865324,-7078594959904861093,-1954770221,428471875
1689865324,-7078594959904861092,1508689700,-1161233585
1689865324,-7078594959904861091,629621643,2087755271
1689865324,-7078594959904861090,1460869869,75814729
1689865324,-7078594959904861089,-1885027346,884728014
1689865324,-7078594959904861088,569885645,428471875
1689865324,-7078594959904861087,1543453939,969395630
1689865324,-7078594959904861086,1976572488,-1161233585
1689865324,-7078594959904861085,1340736243,-1161233585
1689865324,-7078594959904861084,75151054,646097263
1689865324,-7078594959904861083,-2013472499,1118982961
1689865324,-7078594959904861082,412695326,428471875
1689865324,-7078594959904861081,-1788509857,884728014
1689865324,-7078594959904861080,-1408836007,884728014
1689865324,-7078594959904861079,-298265196,2087755271
1689865324,-7078594959904861078,76403126,428471875
1689865324,-7078594959904861077,1602980223,-1161233585
1689865324,-7078594959904861076,952123978,75814729
1689865324,-7078594959904861075,-1767390434,428471875
1689865324,-7078594959904861074,313420223,646097263
1689865324,-7078594959904861073,-1107980542,884728014
1689865324,-7078594959904861072,1443063465,884728014
1689865324,-7078594959904861071,112626813,646097263
1689865324,-7078594959904861070,-1326566101,-1161233585
1689865324,-7078594959904861069,1640671811,428471875
1689865324,-7078594959904861068,-13949055,646097263
1689865324,-7078594959904861067,366303505,2087755271
1689865324,-7078594959904861066,-22735260,2087755271
1689865324,-7078594959904861065,-56386001,428471875
1689865324,-7078594959904861064,1557041051,969395630
1689865324,-7078594959904861063,-2016237455,2087755271
1689865324,-7078594959904861062,-618127594,2087755271
1689865324,-7078594959904861061,-1577094866,-1161233585
1689865324,-7078594959904861060,387856511,75814729
1689865324,-7078594959904861059,-269636850,2087755271
1689865324,-7078594959904861058,-301040021,884728014
1689865324,-7078594959904861057,1337046727,1118982961
1689865324,-7078594959904861056,-1879342843,75814729
1689865324,-7078594959904861055,-283386426,884728014
1689865324,-7078594959904861054,-42770584,428471875
1689865324,-7078594959904861053,-284461502,-1161233585
1689865324,-7078594959904861052,-1747866318,-1161233585
1689865324,-7078594959904861051,120183081,-1161233585
1689865324,-7078594959904861050,-1097536731,969395630
1689865324,-7078594959904861049,-614973047,-1161233585
1689865324,-7078594959904861048,556183,428471875
1689865324,-7078594959904861047,-1839392953,646097263
1689865324,-7078594959904861046,-717603610,-1161233585
1689865324,-7078594959904861045,-144090540,428471875
1689865324,-7078594959904861044,-265197666,998704378
1689865324,-7078594959904861043,-554074151,646097263
1689865324,-7078594959904861042,-1739674814,646097263
1689865324,-7078594959904861041,1416474316,-1161233585
1689865324,-7078594959904861040,-275999013,428471875
1689865324,-7078594959904861039,-513408705,646097263
1689865324,-7078594959904861038,1034376219,1118982961
1689865324,-7078594959904861037,-1389873107,646097263
1689865324,-7078594959904861036,-722708619,646097263
1689865324,-7078594959904861035,-1676916394,998704378
1689865324,-7078594959904861034,847639306,1118982961
1689865324,-7078594959904861033,-2083443833,646097263
1689865324,-7078594959904861032,-1125264233,998704378
1689865324,-7078594959904861031,315940927,-1161233585
1689865324,-7078594959904861030,925182765,998704378
1689865324,-7078594959904861029,938357669,969395630
1689865324,-7078594959904861028,-1836520370,1118982961
1689865324,-7078594959904861027,-1208543280,428471875
1689865324,-7078594959904861026,-966974953,428471875
1689865324,-7078594959904861025,-211907711,884728014
1689865324,-7078594959904861024,138517316,646097263
1689865324,-7078594959904861023,-152742729,-1161233585
1689865324,-7078594959904861022,2071050345,646097263
1689865324,-7078594959904861021,348164407,646097263
1689865324,-7078594959904861020,-1788973462,884728014
1689865324,-7078594959904861019,-1889767763,969395630
1689865324,-7078594959904861018,-1641104344,-1161233585
1689865324,-7078594959904861017,-927926482,998704378
1689865324,-7078594959904861016,-1301769918,1118982961
1689865324,-7078594959904861015,1966377533,998704378
1689865324,-7078594959904861014,2013610937,969395630
1689865324,-7078594959904861013,282393376,428471875
1689865324,-7078594959904861012,-1939661534,428471875
1689865324,-7078594959904861011,1456080629,969395630
1689865324,-7078594959904861010,-84524340,969395630
1689865324,-7078594959904861009,-1394749711,2087755271
1689865324,-7078594959904861008,-1477743968,428471875
1689865324,-7078594959904861007,-1503265889,2087755271
1689865324,-7078594959904861006,58801727,998704378
1689865324,-7078594959904861005,2013289864,428471875
1689865324,-7078594959904861004,-146571117,969395630
1689865324,-7078594959904861003,1412436299,2087755271
1689865324,-7078594959904861002,1071860629,884728014
1689865324,-7078594959904861001,-242204695,428471875
1689865324,-7078594959904861000,2002605942,428471875
1689865324,-7078594959904860999,1693904176,2087755271
1689865324,-7078594959904860998,59764669,-1161233585
1689865324,-7078594959904860997,-657366088,-1161233585
1689865324,-7078594959904860996,203622553,884728014
1689865324,-7078594959904860995,-899727455,884728014
1689865324,-7078594959904860994,1518752105,884728014
1689865324,-7078594959904860993,46270822,969395630
1689865324,-7078594959904860992,-1476305221,998704378
1689865324,-7078594959904860991,-261983421,2087755271
1689865324,-7078594959904860990,209165293,969395630
1689865324,-7078594959904860989,-1993616184,998704378
1689865324,-7078594959904860988,-246578656,1118982961
1689865324,-7078594959904860987,-1273013259,-1161233585
1689865324,-7078594959904860986,-1994858966,2087755271
1689865324,-7078594959904860985,1424036003,1118982961
1689865324,-7078594959904860984,-1839512219,969395630
1689865324,-7078594959904860983,1804405185,969395630
1689865324,-7078594959904860982,2081723553,1118982961
1689865324,-7078594959904860981,2082234778,2087755271
1689865324,-7078594959904860980,68617550,646097263
1689865324,-7078594959904860979,1358037696,969395630
1689865324,-7078594959904860978,-1791515142,998704378
1689865324,-7078594959904860977,-322041771,-2096669446
1689865324,-7078594959904860976,1415700406,646097263
1689865324,-7078594959904860975,-2144587496,-1161233585
1689865324,-7078594959904860974,1733238143,-2096669446
1689865324,-7078594959904860973,-1507204535,646097263
1689865324,-7078594959904860972,-2010848494,-2096669446
1689865324,-7078594959904860971,2088098699,-2096669446
1689865324,-7078594959904860970,-2013068857,-1161233585
1689865324,-7078594959904860969,-1817244666,-2096669446
1689865324,-7078594959904860968,-1315951665,-1161233585
1689865324,-7078594959904860967,-360660405,1118982961
1689865324,-7078594959904860966,273884579,1118982961
1689865324,-7078594959904860965,73497586,2087755271
1689865324,-7078594959904860964,714087621,646097263
1689865324,-7078594959904860963,2058417054,998704378
1689865324,-7078594959904860962,2062755621,-2096669446
1689865324,-7078594959904860961,1417498454,969395630
1689865324,-7078594959904860960,1416474316,998704378
1689865324,-7078594959904860959,-1444660137,-1161233585
1689865324,-7078594959904860958,-1080182779,1118982961
1689865324,-7078594959904860957,-83827157,965205881
1689865324,-7078594959904860956,-1592822099,965205881
1689865324,-7078594959904860955,-296892295,998704378
1689865324,-7078594959904860954,-186608097,969395630
1689865324,-7078594959904860953,675920725,1118982961
1689865324,-7078594959904860952,2104696385,2087755271
1689865324,-7078594959904860951,64909025,1118982961
1689865324,-7078594959904860950,-1021400662,965205881
1689865324,-7078594959904860949,501984078,2087755271
1689865324,-7078594959904860948,4831123,884728014
1689865324,-7078594959904860947,-1689920290,884728014
1689865324,-7078594959904860946,-754758194,969395630
1689865324,-7078594959904860945,-524838928,2087755271
1689865324,-7078594959904860944,-1750465454,998704378
1689865324,-7078594959904860943,368546865,-2096669446
1689865324,-7078594959904860942,-1830162709,884728014
1689865324,-7078594959904860941,-1699390885,965205881
1689865324,-7078594959904860940,1548476892,965205881
1689865324,-7078594959904860939,-1431567442,1118982961
1689865324,-7078594959904860938,-109906791,-2096669446
1689865324,-7078594959904860937,-2124310434,2087755271
1689865324,-7078594959904860936,317041315,-2096669446
1689865324,-7078594959904860935,551894593,965205881
1689865324,-7078594959904860934,-1662152345,998704378
1689865324,-7078594959904860933,-1823122503,884728014
1689865324,-7078594959904860932,-1596909758,2087755271
1689865324,-7078594959904860931,1065733073,2087755271
1689865324,-7078594959904860930,68328068,969395630
1689865324,-7078594959904860929,-1324734935,969395630
1689865324,-7078594959904860928,259460154,998704378
1689865324,-7078594959904860927,471892799,969395630
1689865324,-7078594959904860926,136477206,998704378
1689865324,-7078594959904860925,-2072457633,1118982961
1689865324,-7078594959904860924,1411174467,-2096669446
1689865324,-7078594959904860923,192924162,-2096669446
1689865324,-7078594959904860922,2030028009,965205881
1689865324,-7078594959904860921,-2077912982,884728014
1689865324,-7078594959904860920,241088672,2087755271
1689865324,-7078594959904860919,-1928271443,969395630
1689865324,-7078594959904860918,274081807,965205881
1689865324,-7078594959904860917,184773198,969395630
1689865324,-7078594959904860916,227071144,969395630
1689865324,-7078594959904860915,-543467611,-1161233585
1689865324,-7078594959904860914,-1639493021,-1161233585
1689865324,-7078594959904860913,-160058963,998704378
1689865324,-7078594959904860912,87450172,998704378
1689865324,-7078594959904860911,-1613372600,-2096669446
1689865324,-7078594959904860910,-278675900,969395630
1689865324,-7078594959904860909,1547067595,2087755271
1689865324,-7078594959904860908,366376741,969395630
1689865324,-7078594959904860907,1150965041,1118982961
1689865324,-7078594959904860906,-1333293214,965205881
1689865324,-7078594959904860905,81981168,-2096669446
1689865324,-7078594959904860904,2118825676,969395630
1689865324,-7078594959904860903,-1905286736,969395630
1689865324,-7078594959904860902,-1132301395,-2096669446
1689865324,-7078594959904860901,-935018103,2087755271
1689865324,-7078594959904860900,-1660243367,998704378
1689865324,-7078594959904860899,708060543,998704378
1689865324,-7078594959904860898,-586801065,969395630
1689865324,-7078594959904860897,-194151049,-2096669446
1689865324,-7078594959904860896,-198747002,1118982961
1689865324,-7078594959904860895,1680581445,998704378
1689865324,-7078594959904860894,84474707,969395630
1689865324,-7078594959904860893,2034980294,-1161233585
1689865324,-7078594959904860892,-532022962,-2096669446
1689865324,-7078594959904860891,-1747866318,884728014
1689865324,-7078594959904860890,-29615851,969395630
1689865324,-7078594959904860889,-1759691245,-2096669446
1689865324,-7078594959904860888,-1115594633,-2096669446
1689865324,-7078594959904860887,1674798565,969395630
1689865324,-7078594959904860886,-1419273870,-1161233585
1689865324,-7078594959904860885,-1477609555,884728014
1689865324,-7078594959904860884,-1799173123,-1161233585
1689865324,-7078594959904860883,516942545,998704378
1689865324,-7078594959904860882,-2062702560,2087755271
1689865324,-7078594959904860881,63459986,969395630
1689865324,-7078594959904860880,-717328871,-1161233585
1689865324,-7078594959904860879,-729470251,-1161233585
1689865324,-7078594959904860878,-772644968,1118982961
1689865324,-7078594959904860877,-297646422,-1161233585
1689865324,-7078594959904860876,81175913,2087755271
1689865324,-7078594959904860875,2102859569,2087755271
1689865324,-7078594959904860874,2081480203,-1161233585
1689865324,-7078594959904860873,-2011428441,1306254213
1689865324,-7078594959904860872,1336765184,1306254213
1689865324,-7078594959904860871,-1871949215,2087755271
1689865324,-7078594959904860870,-2092261660,965205881
1689865324,-7078594959904860869,551843255,998704378
1689865324,-7078594959904860868,77507784,1306254213
1689865324,-7078594959904860867,1445167211,-1161233585
1689865324,-7078594959904860866,2140942855,1118982961
1689865324,-7078594959904860865,-1330608478,1118982961
1689865324,-7078594959904860864,2123063651,1306254213
1689865324,-7078594959904860863,242959471,965205881
1689865324,-7078594959904860862,-770386030,-2096669446
1689865324,-7078594959904860861,1222096048,1118982961
1689865324,-7078594959904860860,-1825613946,965205881
1689865324,-7078594959904860859,1662119755,2087755271
1689865324,-7078594959904860858,-1187246551,969395630
1689865324,-7078594959904860857,-1426251489,-2096669446
1689865324,-7078594959904860856,2042323049,1306254213
1689865324,-7078594959904860855,1942459153,1118982961
1689865324,-7078594959904860854,-1889767763,2087755271
1689865324,-7078594959904860853,582030995,2087755271
1689865324,-7078594959904860852,137194205,1118982961
1689865324,-7078594959904860851,153376341,998704378
1689865324,-7078594959904860850,159897204,-2096669446
1689865324,-7078594959904860849,-1266505859,-2096669446
1689865324,-7078594959904860848,-2009031881,965205881
1689865324,-7078594959904860847,-2119771519,998704378
1689865324,-7078594959904860846,353338939,1306254213
1689865324,-7078594959904860845,-307386217,1306254213
1689865324,-7078594959904860844,1087077564,965205881
1689865324,-7078594959904860843,-740639314,965205881
1689865324,-7078594959904860842,-2054687341,-2096669446
1689865324,-7078594959904860841,-1120415286,969395630
1689865324,-7078594959904860840,-1412946770,998704378
1689865324,-7078594959904860839,1428803020,2087755271
1689865324,-7078594959904860838,398941155,1306254213
1689865324,-7078594959904860837,1139193409,-1161233585
1689865324,-7078594959904860836,2098809140,998704378
1689865324,-7078594959904860835,-144090540,-2096669446
1689865324,-7078594959904860834,149159690,965205881
1689865324,-7078594959904860833,-1982237454,1306254213
1689865324,-7078594959904860832,705156856,-2073609828
1689865324,-7078594959904860831,970900666,969395630
1689865324,-7078594959904860830,2020955718,-1161233585
1689865324,-7078594959904860829,1311210687,-1161233585
1689865324,-7078594959904860828,204702779,-2096669446
1689865324,-7078594959904860827,1587880682,1306254213
1689865324,-7078594959904860826,-1065034633,-2073609828
1689865324,-7078594959904860825,-1288000959,-2096669446
1689865324,-7078594959904860824,-1408836007,-2096669446
1689865324,-7078594959904860823,1547067595,965205881
1689865324,-7078594959904860822,-1482591677,998704378
1689865324,-7078594959904860821,411616565,-1161233585
1689865324,-7078594959904860820,-1769879481,-1161233585
1689865324,-7078594959904860819,-1413007581,1118982961
1689865324,-7078594959904860818,2140116796,-2096669446
1689865324,-7078594959904860817,-1444492990,1306254213
1689865324,-7078594959904860816,242959471,1306254213
1689865324,-7078594959904860815,631799483,-2096669446
1689865324,-7078594959904860814,290886478,998704378
1689865324,-7078594959904860813,-960725765,-2073609828
1689865324,-7078594959904860812,857094674,969395630
1689865324,-7078594959904860811,-211907711,998704378
1689865324,-7078594959904860810,312298128,-1161233585
1689865324,-7078594959904860809,-604317014,1118982961
1689865324,-7078594959904860808,461567001,-1161233585
1689865324,-7078594959904860807,21773176,1118982961
1689865324,-7078594959904860806,-1468415679,-1161233585
1689865324,-7078594959904860805,-613879142,-2073609828
1689865324,-7078594959904860804,665645212,965205881
1689865324,-7078594959904860803,1542278968,969395630
1689865324,-7078594959904860802,-676330588,-1161233585
1689865324,-7078594959904860801,-55799397,1118982961
1689865324,-7078594959904860800,953260317,1306254213
1689865324,-7078594959904860799,-572595745,-1161233585
1689865324,-7078594959904860798,1643824972,1306254213
1689865324,-7078594959904860797,-1312816697,1306254213
1689865324,-7078594959904860796,236752821,998704378
1689865324,-7078594959904860795,-1934020025,969395630
1689865324,-7078594959904860794,2059674251,1306254213
1689865324,-7078594959904860793,294511983,1306254213
1689865324,-7078594959904860792,-1824862290,998704378
1689865324,-7078594959904860791,-521317145,-2073609828
1689865324,-7078594959904860790,-2109642109,-1161233585
1689865324,-7078594959904860789,79657917,998704378
1689865324,-7078594959904860788,-1789976557,998704378
1689865324,-7078594959904860787,1508689700,1118982961
1689865324,-7078594959904860786,1703250758,965205881
1689865324,-7078594959904860785,151165775,-1161233585
1689865324,-7078594959904860784,-1743383154,-1478181086
1689865324,-7078594959904860783,407013945,-1478181086
1689865324,-7078594959904860782,1738798521,-1161233585
1689865324,-7078594959904860781,1005732275,-1478181086
1689865324,-7078594959904860780,2081786872,-1478181086
1689865324,-7078594959904860779,110597788,-1161233585
1689865324,-7078594959904860778,1080322933,998704378
1689865324,-7078594959904860777,856834849,998704378
1689865324,-7078594959904860776,1034376219,1118982961
1689865324,-7078594959904860775,1344366274,-2073609828
1689865324,-7078594959904860774,155335089,1118982961
1689865324,-7078594959904860773,-1182008556,-1478181086
1689865324,-7078594959904860772,-894638485,965205881
1689865324,-7078594959904860771,126287903,998704378
1689865324,-7078594959904860770,78951086,-1161233585
1689865324,-7078594959904860769,-2082847953,-2096669446
1689865324,-7078594959904860768,1447461634,-2096669446
1689865324,-7078594959904860767,2037487013,969395630
1689865324,-7078594959904860766,-1777024933,-2096669446
1689865324,-7078594959904860765,-1824486903,1118982961
1689865324,-7078594959904860764,71464495,-1161233585
1689865324,-7078594959904860763,-941593872,-1161233585
1689865324,-7078594959904860762,2049421755,998704378
1689865324,-7078594959904860761,2057897419,1118982961
1689865324,-7078594959904860760,-2052472622,-2073609828
1689865324,-7078594959904860759,2026069687,965205881
1689865324,-7078594959904860758,758021444,969395630
1689865324,-7078594959904860757,1554914881,-2096669446
1689865324,-7078594959904860756,-720509602,-1161233585
1689865324,-7078594959904860755,1878081864,1118982961
1689865324,-7078594959904860754,-1662550939,-2096669446
1689865324,-7078594959904860753,999013336,1118982961
1689865324,-7078594959904860752,-1528471177,-1478181086
1689865324,-7078594959904860751,-482918354,998704378
1689865324,-7078594959904860750,-405039659,-2096669446
1689865324,-7078594959904860749,-1602933276,-2096669446
1689865324,-7078594959904860748,-193403632,1118982961
1689865324,-7078594959904860747,415660695,969395630
1689865324,-7078594959904860746,-119915162,965205881
1689865324,-7078594959904860745,-493677945,-1478181086
1689865324,-7078594959904860744,2132816570,-2073609828
1689865324,-7078594959904860743,509892661,969395630
1689865324,-7078594959904860742,-1963691609,965205881
1689865324,-7078594959904860741,-2006731213,-2073609828
1689865324,-7078594959904860740,1439287974,965205881
1689865324,-7078594959904860739,295091374,969395630
1689865324,-7078594959904860738,1620194403,998704378
1689865324,-7078594959904860737,1103219811,-2073609828
1689865324,-7078594959904860736,137575660,1118982961
1689865324,-7078594959904860735,1872129683,965205881
1689865324,-7078594959904860734,1508689700,-2073609828
1689865324,-7078594959904860733,-1224871507,969395630
1689865324,-7078594959904860732,1730180721,-1478181086
1689865324,-7078594959904860731,914167271,-1161233585
1689865324,-7078594959904860730,1633545883,998704378
1689865324,-7078594959904860729,-538760096,-2073609828
1689865324,-7078594959904860728,-2052277452,969395630
1689865324,-7078594959904860727,396365169,969395630
