-7078594959904869395,584345531
-7078594959904869395,584345531
-7078594959904869394,584345531
-7078594959904869394,2015749955
-7078594959904869393,1467555070
-7078594959904869392,1467555070
-7078594959904869392,1467555070
-7078594959904869391,1321768426
-7078594959904869391,1321768426
-7078594959904869390,1467555070
-7078594959904869390,584345531
-7078594959904869389,11664468
-7078594959904869388,11664468
-7078594959904869388,1321768426
-7078594959904869387,1467555070
-7078594959904869387,2015749955
-7078594959904869386,1321768426
-7078594959904869386,11664468
-7078594959904869386,1467555070
-7078594959904869386,2015749955
-7078594959904869385,11664468
-7078594959904869385,11664468
-7078594959904869385,1321768426
-7078594959904869385,1321768426
-7078594959904869384,584345531
-7078594959904869384,584345531
-7078594959904869383,584345531
-7078594959904869383,1467555070
-7078594959904869383,1321768426
-7078594959904869383,11664468
-7078594959904869382,1321768426
-7078594959904869382,1467555070
-7078594959904869382,1467555070
-7078594959904869381,2015749955
-7078594959904869381,1321768426
-7078594959904869380,1467555070
-7078594959904869380,584345531
-7078594959904869380,2015749955
-7078594959904869379,584345531
-7078594959904869379,584345531
-7078594959904869379,1321768426
-7078594959904869378,584345531
-7078594959904869378,2015749955
-7078594959904869377,11664468
-7078594959904869377,584345531
-7078594959904869377,11664468
-7078594959904869376,2015749955
-7078594959904869376,1467555070
-7078594959904869376,1321768426
-7078594959904869376,1467555070
-7078594959904869375,11664468
-7078594959904869375,1321768426
-7078594959904869375,584345531
-7078594959904869374,584345531
-7078594959904869374,2015749955
-7078594959904869373,2015749955
-7078594959904869373,584345531
-7078594959904869373,11664468
-7078594959904869372,11664468
-7078594959904869372,1321768426
-7078594959904869371,1467555070
-7078594959904869371,2015749955
-7078594959904869371,1467555070
-7078594959904869371,584345531
-7078594959904869370,2015749955
-7078594959904869370,1467555070
-7078594959904869369,1467555070
-7078594959904869369,2015749955
-7078594959904869368,11664468
-7078594959904869367,11664468
-7078594959904869366,11664468
-7078594959904869366,2015749955
-7078594959904869366,1467555070
-7078594959904869365,2015749955
-7078594959904869365,11664468
-7078594959904869364,1321768426
-7078594959904869364,2015749955
-7078594959904869364,11664468
-7078594959904869363,1321768426
-7078594959904869363,1321768426
-7078594959904869363,584345531
-7078594959904869363,584345531
-7078594959904869362,584345531
-7078594959904869362,584345531
-7078594959904869361,1467555070
-7078594959904869361,584345531
-7078594959904869361,2015749955
-7078594959904869361,2015749955
-7078594959904869360,11664468
-7078594959904869360,1467555070
-7078594959904869359,584345531
-7078594959904869359,584345531
-7078594959904869358,2015749955
-7078594959904869358,2015749955
-7078594959904869357,1321768426
-7078594959904869356,584345531
-7078594959904869356,11664468
-7078594959904869356,1467555070
-7078594959904869355,1467555070
-7078594959904869354,2015749955
-7078594959904869354,1321768426
-7078594959904869353,1321768426
-7078594959904869353,11664468
-7078594959904869353,1467555070
-7078594959904869352,11664468
-7078594959904869351,2015749955
-7078594959904869351,584345531
-7078594959904869350,11664468
-7078594959904869350,2015749955
-7078594959904869349,11664468
-7078594959904869349,584345531
-7078594959904869348,11664468
-7078594959904869348,1321768426
-7078594959904869348,2015749955
-7078594959904869347,11664468
-7078594959904869347,11664468
-7078594959904869347,1467555070
-7078594959904869346,584345531
-7078594959904869346,1467555070
-7078594959904869346,2015749955
-7078594959904869345,584345531
-7078594959904869345,2015749955
-7078594959904869345,584345531
-7078594959904869344,11664468
-7078594959904869344,2015749955
-7078594959904869343,1467555070
-7078594959904869342,2015749955
-7078594959904869342,584345531
-7078594959904869342,584345531
-7078594959904869341,584345531
-7078594959904869341,1321768426
-7078594959904869340,584345531
-7078594959904869340,1467555070
-7078594959904869340,1467555070
-7078594959904869339,584345531
-7078594959904869338,11664468
-7078594959904869338,1467555070
-7078594959904869337,2015749955
-7078594959904869337,11664468
-7078594959904869337,1321768426
-7078594959904869336,11664468
-7078594959904869336,584345531
-7078594959904869336,2015749955
-7078594959904869335,1321768426
-7078594959904869334,1321768426
-7078594959904869334,2015749955
-7078594959904869333,1467555070
-7078594959904869333,584345531
-7078594959904869332,584345531
-7078594959904869331,2015749955
-7078594959904869331,11664468
-7078594959904869330,2015749955
-7078594959904869330,584345531
-7078594959904869329,2015749955
-7078594959904869329,1321768426
-7078594959904869329,11664468
-7078594959904869328,584345531
-7078594959904869328,11664468
-7078594959904869328,584345531
-7078594959904869327,1467555070
-7078594959904869326,1321768426
-7078594959904869326,11664468
-7078594959904869326,11664468
-7078594959904869326,1321768426
-7078594959904869325,1321768426
-7078594959904869325,584345531
-7078594959904869325,584345531
-7078594959904869324,2015749955
-7078594959904869323,2015749955
-7078594959904869322,584345531
-7078594959904869322,11664468
-7078594959904869322,2015749955
-7078594959904869321,11664468
-7078594959904869321,1321768426
-7078594959904869320,1321768426
-7078594959904869320,1321768426
-7078594959904869319,1467555070
-7078594959904869319,584345531
-7078594959904869318,2015749955
-7078594959904869317,584345531
-7078594959904869317,2015749955
-7078594959904869316,11664468
-7078594959904869315,584345531
-7078594959904869315,2015749955
-7078594959904869314,1467555070
-7078594959904869314,2015749955
-7078594959904869314,1467555070
-7078594959904869313,584345531
-7078594959904869313,1467555070
-7078594959904869312,584345531
-7078594959904869312,2015749955
-7078594959904869311,584345531
-7078594959904869311,1467555070
-7078594959904869311,2015749955
-7078594959904869311,11664468
-7078594959904869310,584345531
-7078594959904869310,2015749955
-7078594959904869309,2015749955
-7078594959904869309,1321768426
-7078594959904869308,11664468
-7078594959904869307,1467555070
-7078594959904869307,1321768426
-7078594959904869306,584345531
-7078594959904869306,584345531
-7078594959904869305,1467555070
-7078594959904869305,2015749955
-7078594959904869305,584345531
-7078594959904869304,584345531
-7078594959904869303,2015749955
-7078594959904869303,584345531
-7078594959904869303,584345531
-7078594959904869302,2015749955
-7078594959904869302,2015749955
-7078594959904869302,2015749955
-7078594959904869302,1467555070
-7078594959904869301,2015749955
-7078594959904869301,1321768426
-7078594959904869301,1467555070
-7078594959904869300,1467555070
-7078594959904869300,584345531
-7078594959904869299,11664468
-7078594959904869299,11664468
-7078594959904869298,2015749955
-7078594959904869298,2015749955
-7078594959904869298,1321768426
-7078594959904869297,2015749955
-7078594959904869296,2015749955
-7078594959904869296,2015749955
-7078594959904869296,1321768426
-7078594959904869295,584345531
-7078594959904869294,1467555070
-7078594959904869293,2015749955
-7078594959904869292,2015749955
-7078594959904869292,1321768426
-7078594959904869291,11664468
-7078594959904869290,584345531
-7078594959904869290,1321768426
-7078594959904869289,2015749955
-7078594959904869288,584345531
-7078594959904869287,11664468
-7078594959904869287,1467555070
-7078594959904869287,584345531
-7078594959904869286,584345531
-7078594959904869286,11664468
-7078594959904869286,584345531
-7078594959904869286,584345531
-7078594959904869285,584345531
-7078594959904869285,1467555070
-7078594959904869285,1321768426
-7078594959904869284,11664468
-7078594959904869283,11664468
-7078594959904869283,584345531
-7078594959904869283,2015749955
-7078594959904869282,2015749955
-7078594959904869282,11664468
-7078594959904869282,2015749955
-7078594959904869281,1321768426
-7078594959904869280,2015749955
-7078594959904869280,2015749955
-7078594959904869280,2015749955
-7078594959904869279,11664468
-7078594959904869279,2015749955
-7078594959904869279,1467555070
-7078594959904869278,1467555070
-7078594959904869277,2015749955
-7078594959904869277,1467555070
-7078594959904869277,584345531
-7078594959904869276,2015749955
-7078594959904869276,2015749955
-7078594959904869275,1467555070
-7078594959904869275,1321768426
-7078594959904869274,1467555070
-7078594959904869274,2015749955
-7078594959904869273,1321768426
-7078594959904869273,584345531
-7078594959904869272,1321768426
-7078594959904869271,1321768426
-7078594959904869271,2015749955
-7078594959904869270,1321768426
-7078594959904869269,11664468
-7078594959904869268,1321768426
-7078594959904869268,11664468
-7078594959904869267,1467555070
-7078594959904869267,1321768426
-7078594959904869266,584345531
-7078594959904869266,1321768426
-7078594959904869265,584345531
-7078594959904869265,584345531
-7078594959904869264,1467555070
-7078594959904869263,1467555070
-7078594959904869263,584345531
-7078594959904869263,1321768426
-7078594959904869262,1467555070
-7078594959904869262,2015749955
-7078594959904869261,1467555070
-7078594959904869260,2015749955
-7078594959904869260,11664468
-7078594959904869260,1321768426
-7078594959904869260,1467555070
-7078594959904869259,584345531
-7078594959904869259,584345531
-7078594959904869259,11664468
-7078594959904869258,584345531
-7078594959904869257,11664468
-7078594959904869257,584345531
-7078594959904869256,2015749955
-7078594959904869255,2015749955
-7078594959904869255,584345531
-7078594959904869255,1467555070
-7078594959904869254,1321768426
-7078594959904869253,1321768426
-7078594959904869253,584345531
-7078594959904869253,1321768426
-7078594959904869252,2015749955
-7078594959904869252,11664468
-7078594959904869251,1467555070
-7078594959904869251,1467555070
-7078594959904869251,11664468
-7078594959904869251,584345531
-7078594959904869250,584345531
-7078594959904869250,1321768426
-7078594959904869249,1321768426
-7078594959904869248,11664468
-7078594959904869248,11664468
-7078594959904869248,11664468
-7078594959904869248,584345531
-7078594959904869247,2015749955
-7078594959904869247,584345531
-7078594959904869246,1321768426
-7078594959904869246,584345531
-7078594959904869245,1321768426
-7078594959904869245,1321768426
-7078594959904869244,1321768426
-7078594959904869244,11664468
-7078594959904869243,1321768426
-7078594959904869243,584345531
-7078594959904869243,1467555070
-7078594959904869242,584345531
-7078594959904869241,11664468
-7078594959904869241,584345531
-7078594959904869241,11664468
-7078594959904869240,1321768426
-7078594959904869240,2015749955
-7078594959904869239,1321768426
-7078594959904869238,584345531
-7078594959904869238,11664468
-7078594959904869238,1467555070
-7078594959904869237,1467555070
-7078594959904869237,11664468
-7078594959904869236,11664468
-7078594959904869236,1321768426
-7078594959904869236,11664468
-7078594959904869235,11664468
-7078594959904869235,1467555070
-7078594959904869234,1321768426
-7078594959904869234,11664468
-7078594959904869234,11664468
-7078594959904869233,11664468
-7078594959904869233,1321768426
-7078594959904869232,1467555070
-7078594959904869232,584345531
-7078594959904869231,1321768426
-7078594959904869231,1321768426
-7078594959904869231,1467555070
-7078594959904869230,11664468
-7078594959904869230,1321768426
-7078594959904869229,11664468
-7078594959904869229,2015749955
-7078594959904869229,2015749955
-7078594959904869229,584345531
-7078594959904869228,11664468
-7078594959904869227,1467555070
-7078594959904869227,584345531
-7078594959904869227,1467555070
-7078594959904869226,1321768426
-7078594959904869226,1321768426
-7078594959904869225,11664468
-7078594959904869224,11664468
-7078594959904869223,1467555070
-7078594959904869223,1321768426
-7078594959904869223,1467555070
-7078594959904869222,2015749955
-7078594959904869222,2015749955
-7078594959904869222,2015749955
-7078594959904869221,1467555070
-7078594959904869221,2015749955
-7078594959904869220,1467555070
-7078594959904869220,1321768426
-7078594959904869220,584345531
-7078594959904869219,584345531
-7078594959904869219,584345531
-7078594959904869219,1467555070
-7078594959904869218,1467555070
-7078594959904869218,2015749955
-7078594959904869218,1321768426
-7078594959904869217,1467555070
-7078594959904869217,1321768426
-7078594959904869217,1321768426
-7078594959904869216,2015749955
-7078594959904869216,1321768426
-7078594959904869216,1467555070
-7078594959904869215,2015749955
-7078594959904869215,11664468
-7078594959904869215,584345531
-7078594959904869215,2015749955
-7078594959904869214,1467555070
-7078594959904869213,1467555070
-7078594959904869213,11664468
-7078594959904869213,1467555070
-7078594959904869212,2015749955
-7078594959904869211,1467555070
-7078594959904869211,11664468
-7078594959904869210,1467555070
-7078594959904869210,1321768426
-7078594959904869209,11664468
-7078594959904869209,2015749955
-7078594959904869209,11664468
-7078594959904869208,1467555070
-7078594959904869208,2015749955
-7078594959904869207,584345531
-7078594959904869207,1321768426
-7078594959904869207,1321768426
-7078594959904869207,11664468
-7078594959904869206,1467555070
-7078594959904869206,11664468
-7078594959904869206,2015749955
-7078594959904869205,11664468
-7078594959904869205,584345531
-7078594959904869204,1321768426
-7078594959904869204,584345531
-7078594959904869204,1467555070
-7078594959904869203,584345531
-7078594959904869202,11664468
-7078594959904869201,1467555070
-7078594959904869201,1467555070
-7078594959904869201,11664468
-7078594959904869201,2015749955
-7078594959904869200,2015749955
-7078594959904869199,1467555070
-7078594959904869198,2015749955
-7078594959904869198,584345531
-7078594959904869198,1321768426
-7078594959904869198,2015749955
-7078594959904869197,584345531
-7078594959904869197,1321768426
-7078594959904869197,584345531
-7078594959904869196,584345531
-7078594959904869196,1321768426
-7078594959904869196,584345531
-7078594959904869195,584345531
-7078594959904869195,1467555070
-7078594959904869194,1321768426
-7078594959904869194,1321768426
-7078594959904869193,11664468
-7078594959904869193,1467555070
-7078594959904869193,584345531
-7078594959904869192,584345531
-7078594959904869192,584345531
-7078594959904869191,1467555070
-7078594959904869190,584345531
-7078594959904869190,584345531
-7078594959904869189,11664468
-7078594959904869189,1467555070
-7078594959904869188,1321768426
-7078594959904869187,584345531
-7078594959904869187,11664468
-7078594959904869186,2015749955
-7078594959904869186,2015749955
-7078594959904869185,1321768426
-7078594959904869185,2015749955
-7078594959904869184,584345531
-7078594959904869184,584345531
-7078594959904869184,584345531
-7078594959904869184,1321768426
-7078594959904869183,1321768426
-7078594959904869183,1467555070
-7078594959904869183,584345531
-7078594959904869183,1467555070
-7078594959904869182,11664468
-7078594959904869182,2015749955
-7078594959904869182,1467555070
-7078594959904869181,584345531
-7078594959904869181,1467555070
-7078594959904869180,1321768426
-7078594959904869180,11664468
-7078594959904869179,1467555070
-7078594959904869179,11664468
-7078594959904869179,1467555070
-7078594959904869178,2015749955
-7078594959904869178,11664468
-7078594959904869177,1321768426
-7078594959904869177,584345531
-7078594959904869177,11664468
-7078594959904869176,2015749955
-7078594959904869176,1321768426
-7078594959904869176,11664468
-7078594959904869176,11664468
-7078594959904869175,2015749955
-7078594959904869175,1467555070
-7078594959904869174,11664468
-7078594959904869174,584345531
-7078594959904869173,1467555070
-7078594959904869173,1467555070
-7078594959904869172,2015749955
-7078594959904869172,1467555070
-7078594959904869171,584345531
-7078594959904869171,11664468
-7078594959904869170,1321768426
-7078594959904869170,584345531
-7078594959904869169,1321768426
-7078594959904869169,1467555070
-7078594959904869169,584345531
-7078594959904869168,584345531
-7078594959904869167,584345531
-7078594959904869166,2015749955
-7078594959904869166,1321768426
-7078594959904869166,1321768426
-7078594959904869165,584345531
-7078594959904869165,2015749955
-7078594959904869165,11664468
-7078594959904869164,11664468
-7078594959904869163,2015749955
-7078594959904869163,11664468
-7078594959904869162,1467555070
-7078594959904869161,584345531
-7078594959904869161,1467555070
-7078594959904869161,1321768426
-7078594959904869160,2015749955
-7078594959904869160,11664468
-7078594959904869160,1321768426
-7078594959904869159,2015749955
-7078594959904869159,2015749955
-7078594959904869158,584345531
-7078594959904869157,584345531
-7078594959904869157,1321768426
-7078594959904869156,584345531
-7078594959904869156,584345531
-7078594959904869155,2015749955
-7078594959904869155,584345531
-7078594959904869155,1321768426
-7078594959904869154,11664468
-7078594959904869154,1467555070
-7078594959904869154,2015749955
-7078594959904869154,584345531
-7078594959904869153,584345531
-7078594959904869153,1321768426
-7078594959904869153,11664468
-7078594959904869152,2015749955
-7078594959904869152,1467555070
-7078594959904869152,2015749955
-7078594959904869151,11664468
-7078594959904869151,1467555070
-7078594959904869151,2015749955
-7078594959904869150,1321768426
-7078594959904869149,584345531
-7078594959904869149,1467555070
-7078594959904869148,2015749955
-7078594959904869148,11664468
-7078594959904869147,2015749955
-7078594959904869146,11664468
-7078594959904869146,584345531
-7078594959904869145,11664468
-7078594959904869145,1321768426
-7078594959904869145,1467555070
-7078594959904869144,11664468
-7078594959904869144,584345531
-7078594959904869144,2015749955
-7078594959904869143,584345531
-7078594959904869143,1467555070
-7078594959904869142,2015749955
-7078594959904869141,1467555070
-7078594959904869141,1467555070
-7078594959904869140,1321768426
-7078594959904869139,1467555070
-7078594959904869139,1467555070
-7078594959904869138,1467555070
-7078594959904869138,11664468
-7078594959904869137,1467555070
-7078594959904869137,1467555070
-7078594959904869136,2015749955
-7078594959904869135,1467555070
-7078594959904869134,1321768426
-7078594959904869133,584345531
-7078594959904869133,2015749955
-7078594959904869133,11664468
-7078594959904869132,584345531
-7078594959904869132,1321768426
-7078594959904869132,11664468
-7078594959904869132,1467555070
-7078594959904869131,11664468
-7078594959904869131,2015749955
-7078594959904869130,1321768426
-7078594959904869130,11664468
-7078594959904869130,584345531
-7078594959904869129,1321768426
-7078594959904869128,1467555070
-7078594959904869128,2015749955
-7078594959904869128,1321768426
-7078594959904869127,1467555070
-7078594959904869127,1321768426
-7078594959904869127,1321768426
-7078594959904869126,1321768426
-7078594959904869125,1467555070
-7078594959904869124,584345531
-7078594959904869124,584345531
-7078594959904869123,584345531
-7078594959904869122,11664468
-7078594959904869122,11664468
-7078594959904869121,11664468
-7078594959904869121,2015749955
-7078594959904869121,11664468
-7078594959904869120,1467555070
-7078594959904869119,11664468
-7078594959904869119,584345531
-7078594959904869119,2015749955
-7078594959904869118,584345531
-7078594959904869118,11664468
-7078594959904869117,584345531
-7078594959904869116,2015749955
-7078594959904869116,1321768426
-7078594959904869116,1321768426
-7078594959904869116,1321768426
-7078594959904869115,1467555070
-7078594959904869115,11664468
-7078594959904869115,1321768426
-7078594959904869115,11664468
-7078594959904869114,584345531
-7078594959904869114,584345531
-7078594959904869113,584345531
-7078594959904869113,2015749955
-7078594959904869113,11664468
-7078594959904869112,1467555070
-7078594959904869112,1467555070
-7078594959904869111,584345531
-7078594959904869110,1467555070
-7078594959904869110,1467555070
-7078594959904869110,1467555070
-7078594959904869109,1467555070
-7078594959904869109,1467555070
-7078594959904869109,584345531
-7078594959904869108,2015749955
-7078594959904869108,1321768426
-7078594959904869108,1467555070
-7078594959904869107,1321768426
-7078594959904869107,1467555070
-7078594959904869106,11664468
-7078594959904869106,1467555070
-7078594959904869106,1467555070
-7078594959904869105,584345531
-7078594959904869105,11664468
-7078594959904869104,2015749955
-7078594959904869104,11664468
-7078594959904869104,1321768426
-7078594959904869104,11664468
-7078594959904869103,584345531
-7078594959904869103,11664468
-7078594959904869102,584345531
-7078594959904869101,1321768426
-7078594959904869101,1467555070
-7078594959904869101,11664468
-7078594959904869100,11664468
-7078594959904869100,584345531
-7078594959904869099,584345531
-7078594959904869098,1321768426
-7078594959904869098,584345531
-7078594959904869097,2015749955
-7078594959904869097,584345531
-7078594959904869096,1467555070
-7078594959904869096,2015749955
-7078594959904869096,2015749955
-7078594959904869095,2015749955
-7078594959904869095,2015749955
-7078594959904869095,11664468
-7078594959904869094,2015749955
-7078594959904869094,11664468
-7078594959904869093,11664468
-7078594959904869093,2015749955
-7078594959904869093,11664468
-7078594959904869092,1321768426
-7078594959904869092,11664468
-7078594959904869091,11664468
-7078594959904869091,1467555070
-7078594959904869090,2015749955
-7078594959904869089,2015749955
-7078594959904869089,2015749955
-7078594959904869089,1321768426
-7078594959904869088,2015749955
-7078594959904869088,11664468
-7078594959904869088,1321768426
-7078594959904869087,11664468
-7078594959904869087,1467555070
-7078594959904869086,1467555070
-7078594959904869086,1467555070
-7078594959904869086,11664468
-7078594959904869086,1467555070
-7078594959904869085,11664468
-7078594959904869084,1467555070
-7078594959904869084,2015749955
-7078594959904869084,1467555070
-7078594959904869083,1467555070
-7078594959904869083,584345531
-7078594959904869082,11664468
-7078594959904869082,11664468
-7078594959904869081,2015749955
-7078594959904869081,1467555070
-7078594959904869080,1467555070
-7078594959904869080,1467555070
-7078594959904869080,2015749955
-7078594959904869079,584345531
-7078594959904869079,584345531
-7078594959904869079,1321768426
-7078594959904869079,584345531
-7078594959904869078,584345531
-7078594959904869078,1467555070
-7078594959904869078,11664468
-7078594959904869077,2015749955
-7078594959904869077,2015749955
-7078594959904869076,584345531
-7078594959904869075,11664468
-7078594959904869075,2015749955
-7078594959904869075,2015749955
-7078594959904869074,11664468
-7078594959904869073,2015749955
-7078594959904869073,1321768426
-7078594959904869073,584345531
-7078594959904869072,11664468
-7078594959904869072,584345531
-7078594959904869071,2015749955
-7078594959904869070,1321768426
-7078594959904869069,1467555070
-7078594959904869068,11664468
-7078594959904869068,1467555070
-7078594959904869067,2015749955
-7078594959904869067,11664468
-7078594959904869067,11664468
-7078594959904869066,1467555070
-7078594959904869066,584345531
-7078594959904869066,1321768426
-7078594959904869065,11664468
-7078594959904869064,1467555070
-7078594959904869064,11664468
-7078594959904869063,11664468
-7078594959904869063,11664468
-7078594959904869063,584345531
-7078594959904869062,11664468
-7078594959904869061,2015749955
-7078594959904869061,2015749955
-7078594959904869061,1321768426
-7078594959904869060,2015749955
-7078594959904869060,2015749955
-7078594959904869059,584345531
-7078594959904869059,2015749955
-7078594959904869058,11664468
-7078594959904869057,1321768426
-7078594959904869057,584345531
-7078594959904869057,1321768426
-7078594959904869056,1321768426
-7078594959904869056,1467555070
-7078594959904869056,1467555070
-7078594959904869055,11664468
-7078594959904869055,11664468
-7078594959904869054,584345531
-7078594959904869054,11664468
-7078594959904869054,11664468
-7078594959904869054,1467555070
-7078594959904869053,1467555070
-7078594959904869053,1321768426
-7078594959904869053,1467555070
-7078594959904869053,11664468
-7078594959904869052,1467555070
-7078594959904869051,1467555070
-7078594959904869050,2015749955
-7078594959904869050,584345531
-7078594959904869049,584345531
-7078594959904869048,1467555070
-7078594959904869048,584345531
-7078594959904869048,1321768426
-7078594959904869048,11664468
-7078594959904869047,11664468
-7078594959904869047,2015749955
-7078594959904869047,1467555070
-7078594959904869047,11664468
-7078594959904869046,2015749955
-7078594959904869046,11664468
-7078594959904869045,2015749955
-7078594959904869045,11664468
-7078594959904869044,2015749955
-7078594959904869044,1467555070
-7078594959904869044,2015749955
-7078594959904869044,11664468
-7078594959904869043,1467555070
-7078594959904869043,2015749955
-7078594959904869043,1321768426
-7078594959904869042,2015749955
-7078594959904869042,2015749955
-7078594959904869041,1467555070
-7078594959904869041,1467555070
-7078594959904869040,1467555070
-7078594959904869039,1321768426
-7078594959904869038,2015749955
-7078594959904869038,1467555070
-7078594959904869038,1467555070
-7078594959904869037,1467555070
-7078594959904869037,11664468
-7078594959904869037,1321768426
-7078594959904869036,1467555070
-7078594959904869036,1321768426
-7078594959904869035,1321768426
-7078594959904869035,1467555070
-7078594959904869034,584345531
-7078594959904869033,1467555070
-7078594959904869032,584345531
-7078594959904869032,2015749955
-7078594959904869031,584345531
-7078594959904869031,11664468
-7078594959904869031,1467555070
-7078594959904869031,1467555070
-7078594959904869030,2015749955
-7078594959904869030,2015749955
-7078594959904869030,584345531
-7078594959904869030,584345531
-7078594959904869029,584345531
-7078594959904869029,584345531
-7078594959904869029,2015749955
-7078594959904869028,1321768426
-7078594959904869028,584345531
-7078594959904869028,584345531
-7078594959904869027,11664468
-7078594959904869026,11664468
-7078594959904869026,584345531
-7078594959904869025,584345531
-7078594959904869025,584345531
-7078594959904869024,584345531
-7078594959904869024,11664468
-7078594959904869024,584345531
-7078594959904869023,2015749955
-7078594959904869023,1467555070
-7078594959904869023,1321768426
-7078594959904869022,1467555070
-7078594959904869022,11664468
-7078594959904869021,11664468
-7078594959904869020,584345531
-7078594959904869020,584345531
-7078594959904869019,11664468
-7078594959904869019,2015749955
-7078594959904869018,1321768426
-7078594959904869018,2015749955
-7078594959904869018,2015749955
-7078594959904869018,2015749955
-7078594959904869017,584345531
-7078594959904869017,2015749955
-7078594959904869017,11664468
-7078594959904869016,1321768426
-7078594959904869016,1467555070
-7078594959904869015,11664468
-7078594959904869015,11664468
-7078594959904869015,1467555070
-7078594959904869014,1467555070
-7078594959904869014,2015749955
-7078594959904869014,1321768426
-7078594959904869013,11664468
-7078594959904869012,1321768426
-7078594959904869012,1467555070
-7078594959904869012,2015749955
-7078594959904869011,11664468
-7078594959904869011,2015749955
-7078594959904869011,2015749955
-7078594959904869010,1467555070
-7078594959904869010,584345531
-7078594959904869010,11664468
-7078594959904869010,1321768426
-7078594959904869009,11664468
-7078594959904869008,2015749955
-7078594959904869007,11664468
-7078594959904869007,2015749955
-7078594959904869006,2015749955
-7078594959904869006,584345531
-7078594959904869005,11664468
-7078594959904869005,1321768426
-7078594959904869005,1467555070
-7078594959904869004,1467555070
-7078594959904869003,584345531
-7078594959904869003,1467555070
-7078594959904869002,1321768426
-7078594959904869001,1321768426
-7078594959904869001,584345531
-7078594959904869000,11664468
-7078594959904869000,1321768426
-7078594959904869000,2015749955
-7078594959904869000,11664468
-7078594959904868999,1467555070
-7078594959904868999,2015749955
-7078594959904868998,1321768426
-7078594959904868998,1467555070
-7078594959904868997,584345531
-7078594959904868997,2015749955
-7078594959904868996,1467555070
-7078594959904868995,1321768426
-7078594959904868995,1321768426
-7078594959904868994,2015749955
-7078594959904868994,1321768426
-7078594959904868993,2015749955
-7078594959904868993,1467555070
-7078594959904868992,1467555070
-7078594959904868992,1467555070
-7078594959904868991,11664468
-7078594959904868991,1467555070
-7078594959904868991,2015749955
-7078594959904868990,2015749955
-7078594959904868990,1321768426
-7078594959904868990,584345531
-7078594959904868989,1467555070
-7078594959904868989,584345531
-7078594959904868989,1321768426
-7078594959904868988,1321768426
-7078594959904868988,2015749955
-7078594959904868987,11664468
-7078594959904868987,584345531
-7078594959904868986,584345531
-7078594959904868986,11664468
-7078594959904868986,11664468
-7078594959904868985,584345531
-7078594959904868985,1467555070
-7078594959904868985,1467555070
-7078594959904868984,1467555070
-7078594959904868983,1321768426
-7078594959904868983,1321768426
-7078594959904868983,1467555070
-7078594959904868982,1321768426
-7078594959904868982,11664468
-7078594959904868982,11664468
-7078594959904868982,1467555070
-7078594959904868981,2015749955
-7078594959904868980,2015749955
-7078594959904868979,2015749955
-7078594959904868979,11664468
-7078594959904868979,2015749955
-7078594959904868979,1467555070
-7078594959904868978,1467555070
-7078594959904868977,11664468
-7078594959904868976,2015749955
-7078594959904868976,1467555070
-7078594959904868975,11664468
-7078594959904868975,1321768426
-7078594959904868974,584345531
-7078594959904868974,584345531
-7078594959904868973,1321768426
-7078594959904868972,11664468
-7078594959904868971,11664468
-7078594959904868970,1467555070
-7078594959904868970,584345531
-7078594959904868969,584345531
-7078594959904868969,584345531
-7078594959904868969,1321768426
-7078594959904868968,11664468
-7078594959904868968,11664468
-7078594959904868967,1321768426
-7078594959904868966,1467555070
-7078594959904868965,2015749955
-7078594959904868965,1467555070
-7078594959904868965,11664468
-7078594959904868965,11664468
-7078594959904868964,1467555070
-7078594959904868963,11664468
-7078594959904868963,1467555070
-7078594959904868963,1467555070
-7078594959904868962,11664468
-7078594959904868962,584345531
-7078594959904868962,584345531
-7078594959904868961,11664468
-7078594959904868961,1467555070
-7078594959904868961,11664468
-7078594959904868961,584345531
-7078594959904868960,2015749955
-7078594959904868960,1467555070
-7078594959904868959,1321768426
-7078594959904868959,1321768426
-7078594959904868958,584345531
-7078594959904868958,1321768426
-7078594959904868958,2015749955
-7078594959904868957,11664468
-7078594959904868957,2015749955
-7078594959904868956,584345531
-7078594959904868956,584345531
-7078594959904868956,1321768426
-7078594959904868955,2015749955
-7078594959904868954,1321768426
-7078594959904868954,584345531
-7078594959904868954,2015749955
-7078594959904868953,2015749955
-7078594959904868952,1467555070
-7078594959904868952,2015749955
-7078594959904868952,584345531
-7078594959904868951,1467555070
-7078594959904868951,1467555070
-7078594959904868950,1467555070
-7078594959904868950,584345531
-7078594959904868950,2015749955
-7078594959904868949,11664468
-7078594959904868948,584345531
-7078594959904868948,1321768426
-7078594959904868947,1467555070
-7078594959904868947,1321768426
-7078594959904868946,1321768426
-7078594959904868946,584345531
-7078594959904868946,1467555070
-7078594959904868945,11664468
-7078594959904868945,2015749955
-7078594959904868945,1321768426
-7078594959904868944,1321768426
-7078594959904868944,1467555070
-7078594959904868943,2015749955
-7078594959904868943,11664468
-7078594959904868943,584345531
-7078594959904868942,2015749955
-7078594959904868942,1467555070
-7078594959904868942,2015749955
-7078594959904868941,1321768426
-7078594959904868941,1467555070
-7078594959904868941,584345531
-7078594959904868940,584345531
-7078594959904868940,2015749955
-7078594959904868940,1467555070
-7078594959904868939,11664468
-7078594959904868939,2015749955
-7078594959904868939,1321768426
-7078594959904868938,11664468
-7078594959904868937,1467555070
-7078594959904868936,11664468
-7078594959904868936,584345531
-7078594959904868935,1321768426
-7078594959904868934,584345531
-7078594959904868933,1321768426
-7078594959904868933,1321768426
-7078594959904868932,1321768426
-7078594959904868932,2015749955
-7078594959904868932,2015749955
-7078594959904868931,2015749955
-7078594959904868931,11664468
-7078594959904868930,11664468
-7078594959904868930,11664468
-7078594959904868930,2015749955
-7078594959904868929,1467555070
-7078594959904868929,1321768426
-7078594959904868928,11664468
-7078594959904868927,11664468
-7078594959904868927,1321768426
-7078594959904868927,11664468
-7078594959904868927,11664468
-7078594959904868926,2015749955
-7078594959904868926,584345531
-7078594959904868925,1467555070
-7078594959904868925,1321768426
-7078594959904868924,1321768426
-7078594959904868924,584345531
-7078594959904868924,584345531
-7078594959904868924,1321768426
-7078594959904868923,2015749955
-7078594959904868922,11664468
-7078594959904868921,11664468
-7078594959904868920,1467555070
-7078594959904868920,1321768426
-7078594959904868919,2015749955
-7078594959904868919,2015749955
-7078594959904868919,1467555070
-7078594959904868918,1321768426
-7078594959904868918,1321768426
-7078594959904868918,584345531
-7078594959904868917,1467555070
-7078594959904868917,2015749955
-7078594959904868916,1321768426
-7078594959904868916,11664468
-7078594959904868916,2015749955
-7078594959904868915,1321768426
-7078594959904868915,1467555070
-7078594959904868914,584345531
-7078594959904868913,1321768426
-7078594959904868913,584345531
-7078594959904868912,584345531
-7078594959904868912,584345531
-7078594959904868911,2015749955
-7078594959904868911,584345531
-7078594959904868910,584345531
-7078594959904868910,584345531
-7078594959904868910,11664468
-7078594959904868909,584345531
-7078594959904868909,584345531
-7078594959904868908,11664468
-7078594959904868908,2015749955
-7078594959904868908,1321768426
-7078594959904868907,584345531
-7078594959904868907,584345531
-7078594959904868907,1321768426
-7078594959904868906,1321768426
-7078594959904868906,1321768426
-7078594959904868905,11664468
-7078594959904868904,11664468
-7078594959904868904,1321768426
-7078594959904868904,1321768426
-7078594959904868903,2015749955
-7078594959904868902,1321768426
-7078594959904868901,1467555070
-7078594959904868901,2015749955
-7078594959904868901,1321768426
-7078594959904868900,1467555070
-7078594959904868900,11664468
-7078594959904868899,1321768426
-7078594959904868899,11664468
-7078594959904868898,11664468
-7078594959904868897,2015749955
-7078594959904868897,1321768426
-7078594959904868897,2015749955
-7078594959904868897,2015749955
-7078594959904868896,11664468
-7078594959904868896,11664468
-7078594959904868895,584345531
-7078594959904868895,2015749955
-7078594959904868895,2015749955
-7078594959904868894,1321768426
-7078594959904868894,584345531
-7078594959904868894,2015749955
-7078594959904868893,584345531
-7078594959904868893,2015749955
-7078594959904868892,2015749955
-7078594959904868892,11664468
-7078594959904868891,2015749955
-7078594959904868891,1321768426
-7078594959904868890,11664468
-7078594959904868889,11664468
-7078594959904868889,584345531
-7078594959904868888,2015749955
-7078594959904868888,11664468
-7078594959904868887,11664468
-7078594959904868887,11664468
-7078594959904868886,2015749955
-7078594959904868885,1321768426
-7078594959904868884,584345531
-7078594959904868884,2015749955
-7078594959904868883,11664468
-7078594959904868883,11664468
-7078594959904868882,1321768426
-7078594959904868882,1467555070
-7078594959904868881,1321768426
-7078594959904868881,1467555070
-7078594959904868881,584345531
-7078594959904868880,1321768426
-7078594959904868880,1467555070
-7078594959904868880,1321768426
-7078594959904868879,584345531
-7078594959904868879,1467555070
-7078594959904868879,11664468
-7078594959904868878,1321768426
-7078594959904868878,1467555070
-7078594959904868877,2015749955
-7078594959904868877,1467555070
-7078594959904868876,2015749955
-7078594959904868875,584345531
-7078594959904868875,2015749955
-7078594959904868875,1467555070
-7078594959904868874,584345531
-7078594959904868874,1321768426
-7078594959904868874,11664468
-7078594959904868874,2015749955
-7078594959904868873,584345531
-7078594959904868873,584345531
-7078594959904868872,2015749955
-7078594959904868872,584345531
-7078594959904868872,1467555070
-7078594959904868872,1321768426
-7078594959904868871,2015749955
-7078594959904868871,11664468
-7078594959904868871,1321768426
-7078594959904868871,2015749955
-7078594959904868870,1321768426
-7078594959904868870,2015749955
-7078594959904868869,2015749955
-7078594959904868869,1467555070
-7078594959904868868,1321768426
-7078594959904868868,584345531
-7078594959904868867,584345531
-7078594959904868866,11664468
-7078594959904868866,1467555070
-7078594959904868866,1467555070
-7078594959904868865,584345531
-7078594959904868865,1321768426
-7078594959904868865,1467555070
-7078594959904868864,1321768426
-7078594959904868864,11664468
-7078594959904868864,2015749955
-7078594959904868863,11664468
-7078594959904868862,1467555070
-7078594959904868861,584345531
-7078594959904868860,1321768426
-7078594959904868859,11664468
-7078594959904868858,1467555070
-7078594959904868858,584345531
-7078594959904868858,11664468
-7078594959904868857,584345531
-7078594959904868857,1321768426
-7078594959904868856,11664468
-7078594959904868856,11664468
-7078594959904868856,11664468
-7078594959904868855,2015749955
-7078594959904868855,1467555070
-7078594959904868855,1321768426
-7078594959904868854,584345531
-7078594959904868853,11664468
-7078594959904868853,1321768426
-7078594959904868853,1467555070
-7078594959904868852,1467555070
-7078594959904868851,584345531
-7078594959904868850,1321768426
-7078594959904868850,1321768426
-7078594959904868850,1467555070
-7078594959904868849,11664468
-7078594959904868848,11664468
-7078594959904868848,1321768426
-7078594959904868847,1321768426
-7078594959904868847,11664468
-7078594959904868847,1467555070
-7078594959904868846,2015749955
-7078594959904868846,2015749955
-7078594959904868846,1467555070
-7078594959904868845,2015749955
-7078594959904868845,2015749955
-7078594959904868844,1321768426
-7078594959904868844,1321768426
-7078594959904868844,584345531
-7078594959904868843,11664468
-7078594959904868843,2015749955
-7078594959904868842,2015749955
-7078594959904868841,1467555070
-7078594959904868841,2015749955
-7078594959904868841,1467555070
-7078594959904868840,2015749955
-7078594959904868840,1467555070
-7078594959904868840,1321768426
-7078594959904868839,1321768426
-7078594959904868839,2015749955
-7078594959904868838,584345531
-7078594959904868838,1321768426
-7078594959904868838,1321768426
-7078594959904868837,584345531
-7078594959904868837,1467555070
-7078594959904868836,11664468
-7078594959904868836,2015749955
-7078594959904868835,584345531
-7078594959904868834,11664468
-7078594959904868834,1321768426
-7078594959904868833,1321768426
-7078594959904868833,584345531
-7078594959904868832,1321768426
-7078594959904868832,584345531
-7078594959904868832,1467555070
-7078594959904868831,2015749955
-7078594959904868830,1321768426
-7078594959904868829,1321768426
-7078594959904868829,2015749955
-7078594959904868829,584345531
-7078594959904868828,11664468
-7078594959904868828,1321768426
-7078594959904868827,1321768426
-7078594959904868827,1321768426
-7078594959904868827,2015749955
-7078594959904868827,11664468
-7078594959904868826,2015749955
-7078594959904868825,11664468
-7078594959904868825,2015749955
-7078594959904868825,584345531
-7078594959904868824,584345531
-7078594959904868823,1321768426
-7078594959904868823,2015749955
-7078594959904868822,1321768426
-7078594959904868822,1467555070
-7078594959904868821,584345531
-7078594959904868821,1467555070
-7078594959904868820,11664468
-7078594959904868820,1467555070
-7078594959904868819,1321768426
-7078594959904868819,1321768426
-7078594959904868819,1467555070
-7078594959904868818,2015749955
-7078594959904868818,1321768426
-7078594959904868818,2015749955
-7078594959904868817,1321768426
-7078594959904868816,584345531
-7078594959904868815,1467555070
-7078594959904868815,1321768426
-7078594959904868814,1321768426
-7078594959904868814,1467555070
-7078594959904868814,1321768426
-7078594959904868813,2015749955
-7078594959904868812,1467555070
-7078594959904868812,11664468
-7078594959904868812,1467555070
-7078594959904868811,584345531
-7078594959904868811,584345531
-7078594959904868810,584345531
-7078594959904868809,1467555070
-7078594959904868809,11664468
-7078594959904868809,1467555070
-7078594959904868809,584345531
-7078594959904868808,1467555070
-7078594959904868807,2015749955
-7078594959904868807,2015749955
-7078594959904868807,2015749955
-7078594959904868806,2015749955
-7078594959904868806,1321768426
-7078594959904868806,2015749955
-7078594959904868805,584345531
-7078594959904868805,2015749955
-7078594959904868804,1321768426
-7078594959904868804,584345531
-7078594959904868804,11664468
-7078594959904868804,11664468
-7078594959904868803,1467555070
-7078594959904868802,584345531
-7078594959904868802,584345531
-7078594959904868801,2015749955
-7078594959904868800,11664468
-7078594959904868799,584345531
-7078594959904868799,2015749955
-7078594959904868799,584345531
-7078594959904868798,11664468
-7078594959904868797,2015749955
-7078594959904868796,1321768426
-7078594959904868796,1467555070
-7078594959904868795,1467555070
-7078594959904868795,2015749955
-7078594959904868794,584345531
-7078594959904868794,584345531
-7078594959904868794,2015749955
-7078594959904868793,2015749955
-7078594959904868793,1467555070
-7078594959904868793,1321768426
-7078594959904868792,2015749955
-7078594959904868791,1321768426
-7078594959904868790,1467555070
-7078594959904868790,584345531
-7078594959904868790,1321768426
-7078594959904868789,1467555070
-7078594959904868789,11664468
-7078594959904868788,584345531
-7078594959904868788,1321768426
-7078594959904868788,1321768426
-7078594959904868787,1467555070
-7078594959904868787,2015749955
-7078594959904868786,1321768426
-7078594959904868786,11664468
-7078594959904868785,2015749955
-7078594959904868785,584345531
-7078594959904868784,1321768426
-7078594959904868784,1321768426
-7078594959904868783,1321768426
-7078594959904868783,11664468
-7078594959904868782,11664468
-7078594959904868782,2015749955
-7078594959904868782,2015749955
-7078594959904868781,2015749955
-7078594959904868780,2015749955
-7078594959904868779,11664468
-7078594959904868779,1321768426
-7078594959904868778,1321768426
-7078594959904868777,584345531
-7078594959904868777,2015749955
-7078594959904868777,584345531
-7078594959904868776,2015749955
-7078594959904868776,1467555070
-7078594959904868776,1467555070
-7078594959904868775,11664468
-7078594959904868774,2015749955
-7078594959904868774,2015749955
-7078594959904868774,11664468
-7078594959904868773,11664468
-7078594959904868773,2015749955
-7078594959904868773,1321768426
-7078594959904868772,1321768426
-7078594959904868772,2015749955
-7078594959904868771,2015749955
-7078594959904868771,11664468
-7078594959904868770,2015749955
-7078594959904868770,11664468
-7078594959904868769,2015749955
-7078594959904868769,1467555070
-7078594959904868768,1321768426
-7078594959904868768,1467555070
-7078594959904868767,1321768426
-7078594959904868767,2015749955
-7078594959904868767,11664468
-7078594959904868766,2015749955
-7078594959904868766,2015749955
-7078594959904868765,1321768426
-7078594959904868764,11664468
-7078594959904868764,584345531
-7078594959904868763,584345531
-7078594959904868762,1321768426
-7078594959904868762,1467555070
-7078594959904868761,1467555070
-7078594959904868761,2015749955
-7078594959904868760,2015749955
-7078594959904868760,2015749955
-7078594959904868760,1467555070
-7078594959904868759,1467555070
-7078594959904868759,1467555070
-7078594959904868758,1467555070
-7078594959904868758,584345531
-7078594959904868757,584345531
-7078594959904868757,11664468
-7078594959904868756,11664468
-7078594959904868756,584345531
-7078594959904868755,2015749955
-7078594959904868755,11664468
-7078594959904868755,1321768426
-7078594959904868755,11664468
-7078594959904868754,2015749955
-7078594959904868754,1467555070
-7078594959904868754,1467555070
-7078594959904868753,1467555070
-7078594959904868753,584345531
-7078594959904868752,584345531
-7078594959904868751,584345531
-7078594959904868751,2015749955
-7078594959904868750,1467555070
-7078594959904868749,584345531
-7078594959904868749,11664468
-7078594959904868748,11664468
-7078594959904868747,1467555070
-7078594959904868747,1321768426
-7078594959904868747,584345531
-7078594959904868746,11664468
-7078594959904868746,1321768426
-7078594959904868746,2015749955
-7078594959904868746,1467555070
-7078594959904868745,2015749955
-7078594959904868745,584345531
-7078594959904868745,1467555070
-7078594959904868745,1321768426
-7078594959904868744,1321768426
-7078594959904868744,2015749955
-7078594959904868743,2015749955
-7078594959904868743,1321768426
-7078594959904868742,11664468
-7078594959904868742,2015749955
-7078594959904868741,2015749955
-7078594959904868740,2015749955
-7078594959904868739,2015749955
-7078594959904868739,584345531
-7078594959904868739,584345531
-7078594959904868738,1467555070
-7078594959904868737,2015749955
-7078594959904868736,584345531
-7078594959904868736,2015749955
-7078594959904868736,1321768426
-7078594959904868735,1321768426
-7078594959904868735,11664468
-7078594959904868734,1467555070
-7078594959904868734,1321768426
-7078594959904868734,584345531
-7078594959904868734,1321768426
-7078594959904868733,2015749955
-7078594959904868732,1467555070
-7078594959904868732,11664468
-7078594959904868732,1467555070
-7078594959904868731,11664468
-7078594959904868730,2015749955
-7078594959904868729,1321768426
-7078594959904868729,1321768426
-7078594959904868728,1467555070
-7078594959904868728,1467555070
-7078594959904868728,2015749955
-7078594959904868727,584345531
-7078594959904868726,1467555070
-7078594959904868726,11664468
-7078594959904868725,1467555070
-7078594959904868725,1321768426
-7078594959904868724,2015749955
-7078594959904868723,2015749955
-7078594959904868723,1321768426
-7078594959904868722,584345531
-7078594959904868722,2015749955
-7078594959904868722,11664468
-7078594959904868721,584345531
-7078594959904868720,2015749955
-7078594959904868720,584345531
-7078594959904868719,1467555070
-7078594959904868719,584345531
-7078594959904868719,1467555070
-7078594959904868719,2015749955
-7078594959904868718,2015749955
-7078594959904868717,2015749955
-7078594959904868716,11664468
-7078594959904868716,1467555070
-7078594959904868716,1467555070
-7078594959904868715,11664468
-7078594959904868715,2015749955
-7078594959904868714,11664468
-7078594959904868714,11664468
-7078594959904868714,1467555070
-7078594959904868714,11664468
-7078594959904868713,584345531
-7078594959904868713,2015749955
-7078594959904868713,1321768426
-7078594959904868712,1467555070
-7078594959904868712,2015749955
-7078594959904868712,584345531
-7078594959904868711,584345531
-7078594959904868710,1321768426
-7078594959904868710,11664468
-7078594959904868709,2015749955
-7078594959904868708,584345531
-7078594959904868707,584345531
-7078594959904868707,11664468
-7078594959904868707,1467555070
-7078594959904868706,1467555070
-7078594959904868706,584345531
-7078594959904868705,2015749955
-7078594959904868705,11664468
-7078594959904868704,584345531
-7078594959904868704,584345531
-7078594959904868703,1321768426
-7078594959904868703,1467555070
-7078594959904868703,584345531
-7078594959904868702,584345531
-7078594959904868701,2015749955
-7078594959904868701,2015749955
-7078594959904868701,2015749955
-7078594959904868700,1321768426
-7078594959904868700,2015749955
-7078594959904868700,584345531
-7078594959904868699,1467555070
-7078594959904868698,11664468
-7078594959904868698,1321768426
-7078594959904868698,584345531
-7078594959904868697,1321768426
-7078594959904868696,2015749955
-7078594959904868696,11664468
-7078594959904868695,2015749955
-7078594959904868695,2015749955
-7078594959904868695,2015749955
-7078594959904868694,2015749955
-7078594959904868694,1321768426
-7078594959904868694,1321768426
-7078594959904868694,1321768426
-7078594959904868693,11664468
-7078594959904868692,584345531
-7078594959904868692,11664468
-7078594959904868691,584345531
-7078594959904868691,584345531
-7078594959904868690,1321768426
-7078594959904868689,2015749955
-7078594959904868688,2015749955
-7078594959904868688,584345531
-7078594959904868687,1467555070
-7078594959904868686,1467555070
-7078594959904868686,2015749955
-7078594959904868686,584345531
-7078594959904868685,2015749955
-7078594959904868685,11664468
-7078594959904868685,584345531
-7078594959904868685,1467555070
-7078594959904868684,2015749955
-7078594959904868684,11664468
-7078594959904868683,11664468
-7078594959904868683,2015749955
-7078594959904868682,11664468
-7078594959904868681,2015749955
-7078594959904868681,1467555070
-7078594959904868681,1467555070
-7078594959904868680,11664468
-7078594959904868680,584345531
-7078594959904868679,584345531
-7078594959904868678,11664468
-7078594959904868678,1467555070
-7078594959904868678,2015749955
-7078594959904868677,11664468
-7078594959904868677,584345531
-7078594959904868676,1467555070
-7078594959904868676,1467555070
-7078594959904868675,1467555070
-7078594959904868675,584345531
-7078594959904868674,2015749955
-7078594959904868673,1321768426
-7078594959904868672,1321768426
-7078594959904868672,1467555070
-7078594959904868672,2015749955
-7078594959904868671,1467555070
-7078594959904868671,1321768426
-7078594959904868671,2015749955
-7078594959904868670,584345531
-7078594959904868669,1467555070
-7078594959904868668,1321768426
-7078594959904868668,11664468
-7078594959904868667,1321768426
-7078594959904868667,11664468
-7078594959904868666,1467555070
-7078594959904868666,584345531
-7078594959904868665,1321768426
-7078594959904868665,1467555070
-7078594959904868664,584345531
-7078594959904868663,1467555070
-7078594959904868663,584345531
-7078594959904868663,1467555070
-7078594959904868662,11664468
-7078594959904868662,2015749955
-7078594959904868661,1467555070
-7078594959904868661,2015749955
-7078594959904868661,1321768426
-7078594959904868660,1321768426
-7078594959904868660,2015749955
-7078594959904868659,1467555070
-7078594959904868659,1321768426
-7078594959904868658,11664468
-7078594959904868658,1467555070
-7078594959904868658,11664468
-7078594959904868657,584345531
-7078594959904868657,1467555070
-7078594959904868656,1321768426
-7078594959904868656,1467555070
-7078594959904868655,2015749955
-7078594959904868655,1467555070
-7078594959904868655,11664468
-7078594959904868654,1321768426
-7078594959904868654,2015749955
-7078594959904868653,11664468
-7078594959904868653,2015749955
-7078594959904868653,1321768426
-7078594959904868652,1321768426
-7078594959904868652,2015749955
-7078594959904868651,11664468
-7078594959904868651,11664468
-7078594959904868650,584345531
-7078594959904868650,1321768426
-7078594959904868649,2015749955
-7078594959904868648,11664468
-7078594959904868648,584345531
-7078594959904868647,2015749955
-7078594959904868647,2015749955
-7078594959904868647,2015749955
-7078594959904868647,584345531
-7078594959904868646,11664468
-7078594959904868646,1321768426
-7078594959904868646,1321768426
-7078594959904868645,584345531
-7078594959904868645,1467555070
-7078594959904868644,2015749955
-7078594959904868644,1467555070
-7078594959904868643,2015749955
-7078594959904868643,2015749955
-7078594959904868642,1467555070
-7078594959904868641,1467555070
-7078594959904868641,584345531
-7078594959904868640,584345531
-7078594959904868640,1321768426
-7078594959904868640,1467555070
-7078594959904868639,584345531
-7078594959904868638,1321768426
-7078594959904868638,1321768426
-7078594959904868637,584345531
-7078594959904868636,2015749955
-7078594959904868635,1321768426
-7078594959904868634,2015749955
-7078594959904868633,11664468
-7078594959904868633,2015749955
-7078594959904868633,584345531
-7078594959904868633,11664468
-7078594959904868632,1321768426
-7078594959904868632,1467555070
-7078594959904868631,584345531
-7078594959904868631,584345531
-7078594959904868631,1321768426
-7078594959904868631,2015749955
-7078594959904868630,11664468
-7078594959904868629,1467555070
-7078594959904868628,1321768426
-7078594959904868627,11664468
-7078594959904868627,11664468
-7078594959904868627,584345531
-7078594959904868626,11664468
-7078594959904868626,1321768426
-7078594959904868626,1321768426
-7078594959904868626,11664468
-7078594959904868625,1321768426
-7078594959904868624,11664468
-7078594959904868624,1467555070
-7078594959904868623,1467555070
-7078594959904868623,1321768426
-7078594959904868622,2015749955
-7078594959904868622,584345531
-7078594959904868622,584345531
-7078594959904868622,1321768426
-7078594959904868621,584345531
-7078594959904868621,1321768426
-7078594959904868621,2015749955
-7078594959904868620,11664468
-7078594959904868619,11664468
-7078594959904868619,11664468
-7078594959904868619,11664468
-7078594959904868618,1467555070
-7078594959904868618,1321768426
-7078594959904868618,584345531
-7078594959904868617,2015749955
-7078594959904868616,11664468
-7078594959904868616,2015749955
-7078594959904868615,1321768426
-7078594959904868614,11664468
-7078594959904868613,11664468
-7078594959904868613,11664468
-7078594959904868613,1321768426
-7078594959904868612,584345531
-7078594959904868612,11664468
-7078594959904868611,11664468
-7078594959904868611,584345531
-7078594959904868611,2015749955
-7078594959904868610,584345531
-7078594959904868609,11664468
-7078594959904868609,1467555070
-7078594959904868609,1467555070
-7078594959904868608,11664468
-7078594959904868608,2015749955
-7078594959904868608,584345531
-7078594959904868607,584345531
-7078594959904868606,2015749955
-7078594959904868605,1467555070
-7078594959904868605,2015749955
-7078594959904868604,1467555070
-7078594959904868604,1321768426
-7078594959904868604,2015749955
-7078594959904868603,2015749955
-7078594959904868603,2015749955
-7078594959904868603,11664468
-7078594959904868602,2015749955
-7078594959904868602,1467555070
-7078594959904868601,1467555070
-7078594959904868600,584345531
-7078594959904868600,584345531
-7078594959904868600,2015749955
-7078594959904868600,1467555070
-7078594959904868599,584345531
-7078594959904868598,11664468
-7078594959904868598,11664468
-7078594959904868597,1321768426
-7078594959904868597,1321768426
-7078594959904868596,1321768426
-7078594959904868596,1467555070
-7078594959904868596,584345531
-7078594959904868595,2015749955
-7078594959904868595,2015749955
-7078594959904868595,11664468
-7078594959904868594,2015749955
-7078594959904868594,584345531
-7078594959904868593,1467555070
-7078594959904868593,1321768426
-7078594959904868593,11664468
-7078594959904868593,584345531
-7078594959904868592,11664468
-7078594959904868592,11664468
-7078594959904868591,584345531
-7078594959904868591,584345531
-7078594959904868590,1467555070
-7078594959904868589,1321768426
-7078594959904868589,1321768426
-7078594959904868589,1467555070
-7078594959904868588,2015749955
-7078594959904868588,1321768426
-7078594959904868587,1321768426
-7078594959904868587,584345531
-7078594959904868586,584345531
-7078594959904868585,1467555070
-7078594959904868585,1321768426
-7078594959904868584,584345531
-7078594959904868583,1321768426
-7078594959904868583,1321768426
-7078594959904868582,1467555070
-7078594959904868582,584345531
-7078594959904868582,584345531
-7078594959904868581,2015749955
-7078594959904868580,1321768426
-7078594959904868580,584345531
-7078594959904868580,1321768426
-7078594959904868580,584345531
-7078594959904868579,11664468
-7078594959904868579,1467555070
-7078594959904868578,1321768426
-7078594959904868578,584345531
-7078594959904868577,1467555070
-7078594959904868577,1467555070
-7078594959904868576,584345531
-7078594959904868575,1467555070
-7078594959904868574,584345531
-7078594959904868573,584345531
-7078594959904868572,584345531
-7078594959904868572,2015749955
-7078594959904868571,1467555070
-7078594959904868570,1467555070
-7078594959904868570,2015749955
-7078594959904868570,1321768426
-7078594959904868569,1467555070
-7078594959904868569,584345531
-7078594959904868568,1321768426
-7078594959904868568,2015749955
-7078594959904868567,11664468
-7078594959904868567,584345531
-7078594959904868567,11664468
-7078594959904868567,2015749955
-7078594959904868566,1467555070
-7078594959904868566,1321768426
-7078594959904868566,11664468
-7078594959904868565,1467555070
-7078594959904868565,11664468
-7078594959904868565,2015749955
-7078594959904868565,584345531
-7078594959904868564,1467555070
-7078594959904868564,2015749955
-7078594959904868564,11664468
-7078594959904868564,11664468
-7078594959904868563,1467555070
-7078594959904868562,1467555070
-7078594959904868562,1467555070
-7078594959904868561,11664468
-7078594959904868561,2015749955
-7078594959904868561,584345531
-7078594959904868561,2015749955
-7078594959904868560,1467555070
-7078594959904868560,1321768426
-7078594959904868560,1321768426
-7078594959904868559,11664468
-7078594959904868558,2015749955
-7078594959904868557,11664468
-7078594959904868557,584345531
-7078594959904868556,2015749955
-7078594959904868556,1467555070
-7078594959904868555,1467555070
-7078594959904868555,1321768426
-7078594959904868554,584345531
-7078594959904868554,2015749955
-7078594959904868553,584345531
-7078594959904868553,1467555070
-7078594959904868553,584345531
-7078594959904868552,11664468
-7078594959904868552,1467555070
-7078594959904868551,1467555070
-7078594959904868551,584345531
-7078594959904868550,11664468
-7078594959904868549,1467555070
-7078594959904868549,1321768426
-7078594959904868548,2015749955
-7078594959904868547,11664468
-7078594959904868546,2015749955
-7078594959904868546,1467555070
-7078594959904868545,2015749955
-7078594959904868545,1467555070
-7078594959904868545,584345531
-7078594959904868544,11664468
-7078594959904868543,1467555070
-7078594959904868542,1321768426
-7078594959904868542,11664468
-7078594959904868541,584345531
-7078594959904868541,2015749955
-7078594959904868540,1321768426
-7078594959904868539,11664468
-7078594959904868539,11664468
-7078594959904868538,2015749955
-7078594959904868538,584345531
-7078594959904868538,11664468
-7078594959904868537,1321768426
-7078594959904868537,1321768426
-7078594959904868536,2015749955
-7078594959904868536,584345531
-7078594959904868536,584345531
-7078594959904868535,584345531
-7078594959904868535,2015749955
-7078594959904868535,584345531
-7078594959904868534,2015749955
-7078594959904868534,1321768426
-7078594959904868534,1467555070
-7078594959904868534,1321768426
-7078594959904868533,2015749955
-7078594959904868533,11664468
-7078594959904868532,1321768426
-7078594959904868532,1321768426
-7078594959904868532,2015749955
-7078594959904868532,2015749955
-7078594959904868531,1321768426
-7078594959904868530,2015749955
-7078594959904868529,1467555070
-7078594959904868529,11664468
-7078594959904868528,1321768426
-7078594959904868528,1467555070
-7078594959904868527,2015749955
-7078594959904868527,1321768426
-7078594959904868527,1467555070
-7078594959904868526,584345531
-7078594959904868526,11664468
-7078594959904868526,11664468
-7078594959904868526,1321768426
-7078594959904868525,11664468
-7078594959904868525,11664468
-7078594959904868524,584345531
-7078594959904868524,584345531
-7078594959904868524,1321768426
-7078594959904868523,1467555070
-7078594959904868523,1321768426
-7078594959904868523,1467555070
-7078594959904868522,584345531
-7078594959904868522,2015749955
-7078594959904868522,1321768426
-7078594959904868522,2015749955
-7078594959904868521,1467555070
-7078594959904868521,2015749955
-7078594959904868520,1321768426
-7078594959904868519,1321768426
-7078594959904868519,11664468
-7078594959904868519,584345531
-7078594959904868518,2015749955
-7078594959904868517,2015749955
-7078594959904868517,1467555070
-7078594959904868516,1321768426
-7078594959904868516,2015749955
-7078594959904868516,11664468
-7078594959904868515,1467555070
-7078594959904868515,11664468
-7078594959904868515,2015749955
-7078594959904868514,1467555070
-7078594959904868514,584345531
-7078594959904868513,584345531
-7078594959904868513,2015749955
-7078594959904868512,584345531
-7078594959904868512,1321768426
-7078594959904868511,2015749955
-7078594959904868510,2015749955
-7078594959904868509,584345531
-7078594959904868509,584345531
-7078594959904868508,2015749955
-7078594959904868508,584345531
-7078594959904868507,11664468
-7078594959904868506,11664468
-7078594959904868506,1467555070
-7078594959904868505,1467555070
-7078594959904868505,2015749955
-7078594959904868505,1321768426
-7078594959904868504,1467555070
-7078594959904868503,1467555070
-7078594959904868503,1321768426
-7078594959904868503,584345531
-7078594959904868502,1321768426
-7078594959904868502,584345531
-7078594959904868501,1467555070
-7078594959904868500,11664468
-7078594959904868500,1467555070
-7078594959904868500,2015749955
-7078594959904868500,1321768426
-7078594959904868499,11664468
-7078594959904868498,11664468
-7078594959904868498,584345531
-7078594959904868497,2015749955
-7078594959904868497,11664468
-7078594959904868496,1321768426
-7078594959904868496,1467555070
-7078594959904868495,11664468
-7078594959904868495,1321768426
-7078594959904868494,584345531
-7078594959904868493,1321768426
-7078594959904868493,1321768426
-7078594959904868492,1467555070
-7078594959904868491,1321768426
-7078594959904868490,1467555070
-7078594959904868489,2015749955
-7078594959904868488,2015749955
-7078594959904868488,2015749955
-7078594959904868488,1321768426
-7078594959904868487,2015749955
-7078594959904868486,2015749955
-7078594959904868486,2015749955
-7078594959904868486,11664468
-7078594959904868486,11664468
-7078594959904868485,1321768426
-7078594959904868485,2015749955
-7078594959904868485,1467555070
-7078594959904868485,1321768426
-7078594959904868484,11664468
-7078594959904868484,11664468
-7078594959904868483,2015749955
-7078594959904868482,584345531
-7078594959904868482,11664468
-7078594959904868481,2015749955
-7078594959904868481,2015749955
-7078594959904868480,11664468
-7078594959904868480,1321768426
-7078594959904868479,1321768426
-7078594959904868478,11664468
-7078594959904868478,1321768426
-7078594959904868478,2015749955
-7078594959904868477,1321768426
-7078594959904868476,11664468
-7078594959904868476,2015749955
-7078594959904868475,1321768426
-7078594959904868474,2015749955
-7078594959904868474,1467555070
-7078594959904868473,584345531
-7078594959904868473,1321768426
-7078594959904868472,11664468
-7078594959904868472,584345531
-7078594959904868472,1321768426
-7078594959904868472,2015749955
-7078594959904868471,1467555070
-7078594959904868471,1321768426
-7078594959904868470,1321768426
-7078594959904868469,2015749955
-7078594959904868469,1321768426
-7078594959904868469,11664468
-7078594959904868468,584345531
-7078594959904868467,11664468
-7078594959904868467,1321768426
-7078594959904868466,2015749955
-7078594959904868466,11664468
-7078594959904868466,1467555070
-7078594959904868465,584345531
-7078594959904868464,1321768426
-7078594959904868464,1467555070
-7078594959904868463,2015749955
-7078594959904868463,2015749955
-7078594959904868462,1321768426
-7078594959904868461,11664468
-7078594959904868461,2015749955
-7078594959904868461,1467555070
-7078594959904868460,584345531
-7078594959904868460,584345531
-7078594959904868460,2015749955
-7078594959904868459,1467555070
-7078594959904868459,1321768426
-7078594959904868459,1467555070
-7078594959904868459,1467555070
-7078594959904868458,2015749955
-7078594959904868457,584345531
-7078594959904868456,11664468
-7078594959904868456,584345531
-7078594959904868456,584345531
-7078594959904868455,11664468
-7078594959904868455,584345531
-7078594959904868455,2015749955
-7078594959904868454,1321768426
-7078594959904868454,1321768426
-7078594959904868453,2015749955
-7078594959904868453,584345531
-7078594959904868453,1321768426
-7078594959904868452,11664468
-7078594959904868452,1467555070
-7078594959904868452,584345531
-7078594959904868451,2015749955
-7078594959904868451,1467555070
-7078594959904868451,584345531
-7078594959904868450,1321768426
-7078594959904868450,1321768426
-7078594959904868450,584345531
-7078594959904868449,584345531
-7078594959904868449,584345531
-7078594959904868448,1321768426
-7078594959904868447,1467555070
-7078594959904868447,1467555070
-7078594959904868447,584345531
-7078594959904868446,11664468
-7078594959904868446,2015749955
-7078594959904868445,2015749955
-7078594959904868445,2015749955
-7078594959904868445,11664468
-7078594959904868444,11664468
-7078594959904868444,1321768426
-7078594959904868444,11664468
-7078594959904868444,584345531
-7078594959904868443,1467555070
-7078594959904868443,1321768426
-7078594959904868442,584345531
-7078594959904868442,11664468
-7078594959904868441,1467555070
-7078594959904868441,2015749955
-7078594959904868440,584345531
-7078594959904868439,1321768426
-7078594959904868439,11664468
-7078594959904868439,1467555070
-7078594959904868438,1467555070
-7078594959904868438,584345531
-7078594959904868438,2015749955
-7078594959904868437,1467555070
-7078594959904868437,11664468
-7078594959904868436,1467555070
-7078594959904868436,1321768426
-7078594959904868436,2015749955
-7078594959904868435,11664468
-7078594959904868434,584345531
-7078594959904868433,11664468
-7078594959904868433,1321768426
-7078594959904868432,1321768426
-7078594959904868432,584345531
-7078594959904868432,2015749955
-7078594959904868431,2015749955
-7078594959904868431,11664468
-7078594959904868430,1467555070
-7078594959904868430,2015749955
-7078594959904868429,1321768426
-7078594959904868429,11664468
-7078594959904868428,11664468
-7078594959904868428,1321768426
-7078594959904868427,2015749955
-7078594959904868426,11664468
-7078594959904868425,2015749955
-7078594959904868425,1321768426
-7078594959904868424,1321768426
-7078594959904868424,11664468
-7078594959904868423,11664468
-7078594959904868423,1321768426
-7078594959904868422,2015749955
-7078594959904868422,584345531
-7078594959904868421,2015749955
-7078594959904868421,11664468
-7078594959904868421,11664468
-7078594959904868420,1467555070
-7078594959904868420,2015749955
-7078594959904868419,1321768426
-7078594959904868419,1467555070
-7078594959904868418,584345531
-7078594959904868418,1321768426
-7078594959904868418,2015749955
-7078594959904868417,2015749955
-7078594959904868417,584345531
-7078594959904868417,584345531
-7078594959904868416,2015749955
-7078594959904868415,2015749955
-7078594959904868415,2015749955
-7078594959904868415,1467555070
-7078594959904868414,1467555070
-7078594959904868413,1467555070
-7078594959904868413,1467555070
-7078594959904868412,1467555070
-7078594959904868412,1467555070
-7078594959904868412,584345531
-7078594959904868411,584345531
-7078594959904868411,1321768426
-7078594959904868410,584345531
-7078594959904868410,11664468
-7078594959904868409,584345531
-7078594959904868409,11664468
-7078594959904868409,1467555070
-7078594959904868409,11664468
-7078594959904868408,1467555070
-7078594959904868408,1321768426
-7078594959904868408,1321768426
-7078594959904868407,11664468
-7078594959904868406,2015749955
-7078594959904868406,1467555070
-7078594959904868406,11664468
-7078594959904868406,11664468
-7078594959904868405,11664468
-7078594959904868405,1467555070
-7078594959904868404,1321768426
-7078594959904868403,584345531
-7078594959904868403,11664468
-7078594959904868403,1321768426
-7078594959904868402,2015749955
-7078594959904868401,1467555070
-7078594959904868400,1467555070
-7078594959904868400,11664468
-7078594959904868399,11664468
-7078594959904868399,11664468
-7078594959904868398,584345531
-7078594959904868398,11664468
-7078594959904868397,584345531
-7078594959904868397,1467555070
-7078594959904868397,584345531
-7078594959904868396,2015749955
-7078594959904868395,1321768426
-7078594959904868395,1321768426
-7078594959904868394,2015749955
-7078594959904868394,2015749955
-7078594959904868393,584345531
-7078594959904868393,1321768426
-7078594959904868392,1467555070
-7078594959904868392,1321768426
-7078594959904868391,2015749955
-7078594959904868391,11664468
-7078594959904868390,11664468
-7078594959904868390,2015749955
-7078594959904868390,584345531
-7078594959904868389,2015749955
-7078594959904868389,11664468
-7078594959904868389,1321768426
-7078594959904868388,2015749955
-7078594959904868388,2015749955
-7078594959904868388,1321768426
-7078594959904868387,11664468
-7078594959904868386,2015749955
-7078594959904868386,1321768426
-7078594959904868385,1467555070
-7078594959904868385,584345531
-7078594959904868385,1467555070
-7078594959904868384,584345531
-7078594959904868384,1467555070
-7078594959904868384,2015749955
-7078594959904868384,1467555070
-7078594959904868383,11664468
-7078594959904868383,11664468
-7078594959904868382,2015749955
-7078594959904868382,2015749955
-7078594959904868382,584345531
-7078594959904868381,11664468
-7078594959904868381,11664468
-7078594959904868381,1467555070
-7078594959904868380,584345531
-7078594959904868380,584345531
-7078594959904868379,1321768426
-7078594959904868379,1321768426
-7078594959904868379,1321768426
-7078594959904868379,2015749955
-7078594959904868378,1467555070
-7078594959904868377,1467555070
-7078594959904868376,2015749955
-7078594959904868376,11664468
-7078594959904868375,584345531
-7078594959904868375,11664468
-7078594959904868375,2015749955
-7078594959904868374,1467555070
-7078594959904868373,1321768426
-7078594959904868373,2015749955
-7078594959904868373,1467555070
-7078594959904868372,11664468
-7078594959904868372,584345531
-7078594959904868371,2015749955
-7078594959904868370,1467555070
-7078594959904868369,1467555070
-7078594959904868369,1321768426
-7078594959904868369,2015749955
-7078594959904868368,1321768426
-7078594959904868367,11664468
-7078594959904868367,584345531
-7078594959904868367,1321768426
-7078594959904868366,11664468
-7078594959904868366,11664468
-7078594959904868366,1321768426
-7078594959904868365,584345531
-7078594959904868365,584345531
-7078594959904868365,11664468
-7078594959904868364,2015749955
-7078594959904868364,2015749955
-7078594959904868363,11664468
-7078594959904868363,584345531
-7078594959904868363,1467555070
-7078594959904868363,584345531
-7078594959904868362,1321768426
-7078594959904868362,1467555070
-7078594959904868362,1467555070
-7078594959904868361,1321768426
-7078594959904868360,2015749955
-7078594959904868359,584345531
-7078594959904868359,2015749955
-7078594959904868358,1467555070
-7078594959904868358,584345531
-7078594959904868358,2015749955
-7078594959904868357,2015749955
-7078594959904868357,584345531
-7078594959904868357,11664468
-7078594959904868356,11664468
-7078594959904868356,1467555070
-7078594959904868356,1467555070
-7078594959904868355,584345531
-7078594959904868355,1321768426
-7078594959904868355,1321768426
-7078594959904868354,1321768426
-7078594959904868354,584345531
-7078594959904868354,2015749955
-7078594959904868353,11664468
-7078594959904868353,1321768426
-7078594959904868352,584345531
-7078594959904868351,2015749955
-7078594959904868351,2015749955
-7078594959904868351,584345531
-7078594959904868350,1321768426
-7078594959904868350,1467555070
-7078594959904868349,1467555070
-7078594959904868349,1467555070
-7078594959904868349,584345531
-7078594959904868348,11664468
-7078594959904868348,11664468
-7078594959904868348,1321768426
-7078594959904868347,1321768426
-7078594959904868347,11664468
-7078594959904868346,1467555070
-7078594959904868345,2015749955
-7078594959904868345,1467555070
-7078594959904868344,1321768426
-7078594959904868343,2015749955
-7078594959904868343,1467555070
-7078594959904868342,11664468
-7078594959904868342,2015749955
-7078594959904868342,11664468
-7078594959904868341,11664468
-7078594959904868341,11664468
-7078594959904868340,1321768426
-7078594959904868340,2015749955
-7078594959904868340,1321768426
-7078594959904868339,1467555070
-7078594959904868339,1321768426
-7078594959904868338,2015749955
-7078594959904868338,584345531
-7078594959904868337,1321768426
-7078594959904868337,1467555070
-7078594959904868336,1467555070
-7078594959904868336,1321768426
-7078594959904868335,11664468
-7078594959904868335,584345531
-7078594959904868334,584345531
-7078594959904868333,1321768426
-7078594959904868333,11664468
-7078594959904868333,2015749955
-7078594959904868332,2015749955
-7078594959904868332,2015749955
-7078594959904868332,11664468
-7078594959904868331,1321768426
-7078594959904868331,584345531
-7078594959904868331,1467555070
-7078594959904868330,11664468
-7078594959904868330,11664468
-7078594959904868330,1467555070
-7078594959904868329,1321768426
-7078594959904868329,584345531
-7078594959904868328,11664468
-7078594959904868328,1321768426
-7078594959904868327,11664468
-7078594959904868327,1467555070
-7078594959904868326,2015749955
-7078594959904868326,1321768426
-7078594959904868325,11664468
-7078594959904868325,11664468
-7078594959904868324,1467555070
-7078594959904868324,1467555070
-7078594959904868324,1467555070
-7078594959904868323,1467555070
-7078594959904868322,584345531
-7078594959904868322,584345531
-7078594959904868321,11664468
-7078594959904868321,1467555070
-7078594959904868321,1467555070
-7078594959904868320,2015749955
-7078594959904868320,584345531
-7078594959904868320,11664468
-7078594959904868319,1321768426
-7078594959904868319,11664468
-7078594959904868319,584345531
-7078594959904868319,2015749955
-7078594959904868318,584345531
-7078594959904868318,584345531
-7078594959904868317,584345531
-7078594959904868317,584345531
-7078594959904868317,11664468
-7078594959904868316,2015749955
-7078594959904868315,2015749955
-7078594959904868315,2015749955
-7078594959904868314,584345531
-7078594959904868313,584345531
-7078594959904868313,1321768426
-7078594959904868313,11664468
-7078594959904868313,2015749955
-7078594959904868312,2015749955
-7078594959904868312,584345531
-7078594959904868312,2015749955
-7078594959904868311,1321768426
-7078594959904868310,11664468
-7078594959904868310,11664468
-7078594959904868310,1321768426
-7078594959904868309,1321768426
-7078594959904868309,584345531
-7078594959904868308,1321768426
-7078594959904868308,1467555070
-7078594959904868308,584345531
-7078594959904868307,2015749955
-7078594959904868307,11664468
-7078594959904868307,11664468
-7078594959904868306,1467555070
-7078594959904868305,584345531
-7078594959904868304,1321768426
-7078594959904868303,1467555070
-7078594959904868303,584345531
-7078594959904868303,584345531
-7078594959904868302,1467555070
-7078594959904868302,11664468
-7078594959904868301,1467555070
-7078594959904868301,11664468
-7078594959904868300,584345531
-7078594959904868300,1467555070
-7078594959904868300,2015749955
-7078594959904868299,1321768426
-7078594959904868298,1467555070
-7078594959904868298,1467555070
-7078594959904868297,1467555070
-7078594959904868297,1321768426
-7078594959904868297,11664468
-7078594959904868296,1467555070
-7078594959904868296,11664468
-7078594959904868295,2015749955
-7078594959904868295,11664468
-7078594959904868295,2015749955
-7078594959904868294,584345531
-7078594959904868294,1321768426
-7078594959904868294,2015749955
-7078594959904868294,11664468
-7078594959904868293,11664468
-7078594959904868293,1467555070
-7078594959904868292,1467555070
-7078594959904868292,584345531
-7078594959904868292,11664468
-7078594959904868291,1467555070
-7078594959904868291,1467555070
-7078594959904868291,584345531
-7078594959904868290,11664468
-7078594959904868290,11664468
-7078594959904868289,2015749955
-7078594959904868289,11664468
-7078594959904868289,11664468
-7078594959904868289,1467555070
-7078594959904868288,2015749955
-7078594959904868288,2015749955
-7078594959904868287,2015749955
-7078594959904868286,1467555070
-7078594959904868286,1467555070
-7078594959904868285,2015749955
-7078594959904868285,1321768426
-7078594959904868284,1467555070
-7078594959904868284,11664468
-7078594959904868284,1467555070
-7078594959904868283,1321768426
-7078594959904868283,584345531
-7078594959904868283,1467555070
-7078594959904868282,1467555070
-7078594959904868282,1467555070
-7078594959904868282,584345531
-7078594959904868281,584345531
-7078594959904868281,1467555070
-7078594959904868280,1321768426
-7078594959904868280,584345531
-7078594959904868279,1467555070
-7078594959904868278,11664468
-7078594959904868278,2015749955
-7078594959904868277,2015749955
-7078594959904868277,1467555070
-7078594959904868276,11664468
-7078594959904868276,1321768426
-7078594959904868276,1467555070
-7078594959904868275,2015749955
-7078594959904868275,1467555070
-7078594959904868274,584345531
-7078594959904868274,584345531
-7078594959904868273,11664468
-7078594959904868273,1467555070
-7078594959904868273,584345531
-7078594959904868272,1467555070
-7078594959904868272,584345531
-7078594959904868271,2015749955
-7078594959904868271,1467555070
-7078594959904868271,1467555070
-7078594959904868271,11664468
-7078594959904868270,584345531
-7078594959904868269,2015749955
-7078594959904868269,1321768426
-7078594959904868269,584345531
-7078594959904868268,584345531
-7078594959904868268,1321768426
-7078594959904868267,1467555070
-7078594959904868267,584345531
-7078594959904868266,1467555070
-7078594959904868266,1467555070
-7078594959904868265,584345531
-7078594959904868265,1321768426
-7078594959904868264,1321768426
-7078594959904868264,1467555070
-7078594959904868264,1467555070
-7078594959904868263,11664468
-7078594959904868263,1321768426
-7078594959904868263,11664468
-7078594959904868262,584345531
-7078594959904868261,11664468
-7078594959904868261,2015749955
-7078594959904868260,2015749955
-7078594959904868260,1321768426
-7078594959904868260,1467555070
-7078594959904868260,1321768426
-7078594959904868259,11664468
-7078594959904868259,2015749955
-7078594959904868258,2015749955
-7078594959904868257,2015749955
-7078594959904868257,2015749955
-7078594959904868257,1321768426
-7078594959904868256,584345531
-7078594959904868256,1321768426
-7078594959904868256,1467555070
-7078594959904868255,11664468
-7078594959904868254,1467555070
-7078594959904868253,1467555070
-7078594959904868253,1321768426
-7078594959904868253,11664468
-7078594959904868252,584345531
-7078594959904868251,1467555070
-7078594959904868251,584345531
-7078594959904868250,1321768426
-7078594959904868250,1467555070
-7078594959904868249,1467555070
-7078594959904868249,2015749955
-7078594959904868249,1467555070
-7078594959904868248,2015749955
-7078594959904868248,584345531
-7078594959904868247,1467555070
-7078594959904868247,1467555070
-7078594959904868247,2015749955
-7078594959904868246,1467555070
-7078594959904868246,1321768426
-7078594959904868246,2015749955
-7078594959904868245,1467555070
-7078594959904868244,2015749955
-7078594959904868243,584345531
-7078594959904868243,1321768426
-7078594959904868242,11664468
-7078594959904868242,1467555070
-7078594959904868241,1321768426
-7078594959904868240,1467555070
-7078594959904868240,11664468
-7078594959904868240,11664468
-7078594959904868239,584345531
-7078594959904868239,1321768426
-7078594959904868239,584345531
-7078594959904868238,11664468
-7078594959904868237,2015749955
-7078594959904868237,11664468
-7078594959904868237,11664468
-7078594959904868236,1467555070
-7078594959904868236,584345531
-7078594959904868236,584345531
-7078594959904868235,1467555070
-7078594959904868234,2015749955
-7078594959904868233,584345531
-7078594959904868233,2015749955
-7078594959904868232,1321768426
-7078594959904868232,1467555070
-7078594959904868232,1321768426
-7078594959904868231,584345531
-7078594959904868230,2015749955
-7078594959904868230,1321768426
-7078594959904868230,11664468
-7078594959904868229,1321768426
-7078594959904868229,584345531
-7078594959904868229,2015749955
-7078594959904868229,2015749955
-7078594959904868228,1321768426
-7078594959904868228,584345531
-7078594959904868227,2015749955
-7078594959904868227,11664468
-7078594959904868227,2015749955
-7078594959904868227,2015749955
-7078594959904868226,1467555070
-7078594959904868226,584345531
-7078594959904868226,1321768426
-7078594959904868225,584345531
-7078594959904868224,1467555070
-7078594959904868223,1321768426
-7078594959904868223,1467555070
-7078594959904868222,584345531
-7078594959904868222,2015749955
-7078594959904868221,11664468
-7078594959904868221,2015749955
-7078594959904868220,584345531
-7078594959904868220,1321768426
-7078594959904868220,1321768426
-7078594959904868219,1321768426
-7078594959904868218,1321768426
-7078594959904868218,1321768426
-7078594959904868218,584345531
-7078594959904868218,2015749955
-7078594959904868217,1321768426
-7078594959904868217,1467555070
-7078594959904868217,584345531
-7078594959904868216,584345531
-7078594959904868216,2015749955
-7078594959904868215,2015749955
-7078594959904868214,1467555070
-7078594959904868213,2015749955
-7078594959904868212,1321768426
-7078594959904868212,2015749955
-7078594959904868211,2015749955
-7078594959904868211,2015749955
-7078594959904868210,1321768426
-7078594959904868209,1467555070
-7078594959904868209,11664468
-7078594959904868209,2015749955
-7078594959904868208,11664468
-7078594959904868208,584345531
-7078594959904868207,2015749955
-7078594959904868206,584345531
-7078594959904868206,1321768426
-7078594959904868206,2015749955
-7078594959904868205,11664468
-7078594959904868205,1467555070
-7078594959904868205,1321768426
-7078594959904868204,584345531
-7078594959904868204,11664468
-7078594959904868204,584345531
-7078594959904868203,584345531
-7078594959904868203,2015749955
-7078594959904868202,11664468
-7078594959904868202,2015749955
-7078594959904868202,1321768426
-7078594959904868202,584345531
-7078594959904868201,1321768426
-7078594959904868201,2015749955
-7078594959904868201,1321768426
-7078594959904868200,2015749955
-7078594959904868199,11664468
-7078594959904868198,584345531
-7078594959904868197,1467555070
-7078594959904868196,584345531
-7078594959904868196,1467555070
-7078594959904868195,2015749955
-7078594959904868194,1467555070
-7078594959904868194,1321768426
-7078594959904868194,1321768426
-7078594959904868194,1321768426
-7078594959904868193,1321768426
-7078594959904868192,584345531
-7078594959904868192,584345531
-7078594959904868192,584345531
-7078594959904868191,2015749955
-7078594959904868191,584345531
-7078594959904868190,11664468
-7078594959904868190,11664468
-7078594959904868189,11664468
-7078594959904868189,11664468
-7078594959904868188,1321768426
-7078594959904868188,1467555070
-7078594959904868188,1321768426
-7078594959904868187,584345531
-7078594959904868187,1467555070
-7078594959904868186,2015749955
-7078594959904868185,2015749955
-7078594959904868184,2015749955
-7078594959904868184,1321768426
-7078594959904868183,2015749955
-7078594959904868183,1467555070
-7078594959904868182,2015749955
-7078594959904868182,584345531
-7078594959904868182,584345531
-7078594959904868181,584345531
-7078594959904868181,1467555070
-7078594959904868181,2015749955
-7078594959904868181,584345531
-7078594959904868180,11664468
-7078594959904868179,1321768426
-7078594959904868178,11664468
-7078594959904868178,1321768426
-7078594959904868177,2015749955
-7078594959904868176,2015749955
-7078594959904868175,11664468
-7078594959904868174,2015749955
-7078594959904868173,11664468
-7078594959904868173,1321768426
-7078594959904868172,2015749955
-7078594959904868172,2015749955
-7078594959904868172,584345531
-7078594959904868172,584345531
-7078594959904868171,1321768426
-7078594959904868171,584345531
-7078594959904868171,11664468
-7078594959904868171,1467555070
-7078594959904868170,11664468
-7078594959904868170,1467555070
-7078594959904868169,1321768426
-7078594959904868168,2015749955
-7078594959904868168,11664468
-7078594959904868167,1321768426
-7078594959904868167,11664468
-7078594959904868167,2015749955
-7078594959904868166,1321768426
-7078594959904868166,1467555070
-7078594959904868165,11664468
-7078594959904868165,11664468
-7078594959904868164,584345531
-7078594959904868164,584345531
-7078594959904868164,11664468
-7078594959904868163,11664468
-7078594959904868163,1467555070
-7078594959904868162,1321768426
-7078594959904868162,584345531
-7078594959904868161,2015749955
-7078594959904868161,11664468
-7078594959904868160,2015749955
-7078594959904868160,584345531
-7078594959904868160,11664468
-7078594959904868159,1321768426
-7078594959904868158,584345531
-7078594959904868157,584345531
-7078594959904868157,2015749955
-7078594959904868157,1467555070
-7078594959904868157,1321768426
-7078594959904868156,1467555070
-7078594959904868156,1321768426
-7078594959904868155,2015749955
-7078594959904868154,584345531
-7078594959904868154,1467555070
-7078594959904868153,1321768426
-7078594959904868152,11664468
-7078594959904868152,11664468
-7078594959904868152,584345531
-7078594959904868151,1467555070
-7078594959904868151,584345531
-7078594959904868151,584345531
-7078594959904868150,584345531
-7078594959904868149,584345531
-7078594959904868148,11664468
-7078594959904868148,11664468
-7078594959904868148,1321768426
-7078594959904868148,2015749955
-7078594959904868147,1467555070
-7078594959904868146,1467555070
-7078594959904868145,1467555070
-7078594959904868145,2015749955
-7078594959904868144,1321768426
-7078594959904868144,584345531
-7078594959904868143,2015749955
-7078594959904868143,1467555070
-7078594959904868143,2015749955
-7078594959904868142,1321768426
-7078594959904868141,1321768426
-7078594959904868140,1467555070
-7078594959904868140,1467555070
-7078594959904868140,11664468
-7078594959904868139,2015749955
-7078594959904868139,2015749955
-7078594959904868139,584345531
-7078594959904868138,1467555070
-7078594959904868138,1321768426
-7078594959904868137,584345531
-7078594959904868137,11664468
-7078594959904868137,1321768426
-7078594959904868136,1321768426
-7078594959904868135,2015749955
-7078594959904868135,1321768426
-7078594959904868134,11664468
-7078594959904868134,584345531
-7078594959904868134,584345531
-7078594959904868134,584345531
-7078594959904868133,11664468
-7078594959904868133,1321768426
-7078594959904868132,1467555070
-7078594959904868132,2015749955
-7078594959904868131,2015749955
-7078594959904868131,11664468
-7078594959904868131,2015749955
-7078594959904868130,584345531
-7078594959904868130,11664468
-7078594959904868130,1467555070
-7078594959904868130,584345531
-7078594959904868129,11664468
-7078594959904868128,1467555070
-7078594959904868128,2015749955
-7078594959904868127,11664468
-7078594959904868127,1467555070
-7078594959904868127,1467555070
-7078594959904868126,2015749955
-7078594959904868125,1321768426
-7078594959904868125,1321768426
-7078594959904868125,1321768426
-7078594959904868124,1467555070
-7078594959904868123,11664468
-7078594959904868123,1321768426
-7078594959904868123,1467555070
-7078594959904868122,1321768426
-7078594959904868122,11664468
-7078594959904868122,2015749955
-7078594959904868121,11664468
-7078594959904868120,1321768426
-7078594959904868119,2015749955
-7078594959904868119,584345531
-7078594959904868119,584345531
-7078594959904868118,11664468
-7078594959904868118,584345531
-7078594959904868118,2015749955
-7078594959904868117,584345531
-7078594959904868117,11664468
-7078594959904868116,2015749955
-7078594959904868116,1467555070
-7078594959904868116,584345531
-7078594959904868115,584345531
-7078594959904868115,1467555070
-7078594959904868114,1467555070
-7078594959904868114,11664468
-7078594959904868114,1321768426
-7078594959904868113,2015749955
-7078594959904868113,1321768426
-7078594959904868113,1321768426
-7078594959904868113,1321768426
-7078594959904868112,11664468
-7078594959904868112,11664468
-7078594959904868112,2015749955
-7078594959904868112,2015749955
-7078594959904868111,1321768426
-7078594959904868111,2015749955
-7078594959904868111,2015749955
-7078594959904868110,584345531
-7078594959904868110,11664468
-7078594959904868109,1321768426
-7078594959904868109,1321768426
-7078594959904868109,11664468
-7078594959904868109,584345531
-7078594959904868108,11664468
-7078594959904868107,584345531
-7078594959904868107,1321768426
-7078594959904868106,11664468
-7078594959904868106,1467555070
-7078594959904868106,1467555070
-7078594959904868106,1321768426
-7078594959904868105,1321768426
-7078594959904868105,11664468
-7078594959904868104,2015749955
-7078594959904868104,1321768426
-7078594959904868103,1467555070
-7078594959904868103,11664468
-7078594959904868102,584345531
-7078594959904868101,1467555070
-7078594959904868100,1321768426
-7078594959904868100,1321768426
-7078594959904868099,11664468
-7078594959904868099,584345531
-7078594959904868098,1321768426
-7078594959904868098,2015749955
-7078594959904868098,11664468
-7078594959904868097,584345531
-7078594959904868097,584345531
-7078594959904868096,1321768426
-7078594959904868096,11664468
-7078594959904868095,2015749955
-7078594959904868095,1467555070
-7078594959904868095,11664468
-7078594959904868094,11664468
-7078594959904868093,584345531
-7078594959904868092,11664468
-7078594959904868092,584345531
-7078594959904868091,11664468
-7078594959904868091,2015749955
-7078594959904868091,584345531
-7078594959904868090,584345531
-7078594959904868089,2015749955
-7078594959904868089,2015749955
-7078594959904868088,584345531
-7078594959904868087,2015749955
-7078594959904868087,2015749955
-7078594959904868087,584345531
-7078594959904868086,584345531
-7078594959904868086,1321768426
-7078594959904868086,11664468
-7078594959904868085,584345531
-7078594959904868085,2015749955
-7078594959904868085,2015749955
-7078594959904868085,1321768426
-7078594959904868084,11664468
-7078594959904868083,1467555070
-7078594959904868082,2015749955
-7078594959904868082,584345531
-7078594959904868081,1467555070
-7078594959904868080,11664468
-7078594959904868080,11664468
-7078594959904868080,11664468
-7078594959904868079,1467555070
-7078594959904868078,584345531
-7078594959904868077,584345531
-7078594959904868076,2015749955
-7078594959904868075,1321768426
-7078594959904868075,11664468
-7078594959904868075,584345531
-7078594959904868074,11664468
-7078594959904868073,584345531
-7078594959904868073,2015749955
-7078594959904868072,11664468
-7078594959904868072,2015749955
-7078594959904868072,584345531
-7078594959904868071,1321768426
-7078594959904868071,584345531
-7078594959904868071,1321768426
-7078594959904868070,11664468
-7078594959904868070,584345531
-7078594959904868070,584345531
-7078594959904868069,2015749955
-7078594959904868068,1467555070
-7078594959904868068,1467555070
-7078594959904868068,584345531
-7078594959904868067,1321768426
-7078594959904868067,584345531
-7078594959904868066,1467555070
-7078594959904868065,584345531
-7078594959904868064,1467555070
-7078594959904868064,2015749955
-7078594959904868064,11664468
-7078594959904868064,2015749955
-7078594959904868063,1321768426
-7078594959904868063,584345531
-7078594959904868062,1467555070
-7078594959904868062,2015749955
-7078594959904868061,1321768426
-7078594959904868061,1467555070
-7078594959904868061,1467555070
-7078594959904868060,584345531
-7078594959904868060,2015749955
-7078594959904868060,1467555070
-7078594959904868059,1467555070
-7078594959904868059,2015749955
-7078594959904868058,1321768426
-7078594959904868058,584345531
-7078594959904868058,2015749955
-7078594959904868058,2015749955
-7078594959904868057,1321768426
-7078594959904868057,2015749955
-7078594959904868057,584345531
-7078594959904868056,2015749955
-7078594959904868056,1467555070
-7078594959904868055,1321768426
-7078594959904868055,11664468
-7078594959904868054,2015749955
-7078594959904868054,2015749955
-7078594959904868054,1467555070
-7078594959904868054,2015749955
-7078594959904868053,2015749955
-7078594959904868053,2015749955
-7078594959904868052,2015749955
-7078594959904868052,11664468
-7078594959904868051,11664468
-7078594959904868050,11664468
-7078594959904868050,1321768426
-7078594959904868050,2015749955
-7078594959904868049,1321768426
-7078594959904868049,11664468
-7078594959904868049,11664468
-7078594959904868049,584345531
-7078594959904868048,1467555070
-7078594959904868048,11664468
-7078594959904868048,584345531
-7078594959904868048,11664468
-7078594959904868047,2015749955
-7078594959904868047,584345531
-7078594959904868047,1467555070
-7078594959904868046,2015749955
-7078594959904868046,1467555070
-7078594959904868046,1467555070
-7078594959904868045,2015749955
-7078594959904868045,584345531
-7078594959904868044,1467555070
-7078594959904868044,2015749955
-7078594959904868043,584345531
-7078594959904868043,1467555070
-7078594959904868042,584345531
-7078594959904868042,1321768426
-7078594959904868042,1321768426
-7078594959904868042,2015749955
-7078594959904868041,1467555070
-7078594959904868041,11664468
-7078594959904868041,1321768426
-7078594959904868040,11664468
-7078594959904868040,584345531
-7078594959904868040,584345531
-7078594959904868040,2015749955
-7078594959904868039,1321768426
-7078594959904868039,1467555070
-7078594959904868039,11664468
-7078594959904868038,1467555070
-7078594959904868037,1321768426
-7078594959904868037,2015749955
-7078594959904868036,1321768426
-7078594959904868036,2015749955
-7078594959904868035,1467555070
-7078594959904868035,584345531
-7078594959904868035,584345531
-7078594959904868034,11664468
-7078594959904868033,1321768426
-7078594959904868033,11664468
-7078594959904868033,584345531
-7078594959904868032,11664468
-7078594959904868032,1467555070
-7078594959904868031,2015749955
-7078594959904868031,1467555070
-7078594959904868031,1321768426
-7078594959904868031,11664468
-7078594959904868030,2015749955
-7078594959904868030,584345531
-7078594959904868029,1321768426
-7078594959904868029,1321768426
-7078594959904868029,584345531
-7078594959904868028,11664468
-7078594959904868028,11664468
-7078594959904868027,11664468
-7078594959904868027,1467555070
-7078594959904868026,1467555070
-7078594959904868025,11664468
-7078594959904868025,1321768426
-7078594959904868024,2015749955
-7078594959904868024,584345531
-7078594959904868024,1321768426
-7078594959904868023,2015749955
-7078594959904868023,584345531
-7078594959904868022,2015749955
-7078594959904868022,11664468
-7078594959904868022,2015749955
-7078594959904868021,1467555070
-7078594959904868021,584345531
-7078594959904868021,11664468
-7078594959904868020,1321768426
-7078594959904868019,11664468
-7078594959904868018,584345531
-7078594959904868018,2015749955
-7078594959904868017,1321768426
-7078594959904868017,1321768426
-7078594959904868016,584345531
-7078594959904868015,11664468
-7078594959904868015,1467555070
-7078594959904868015,584345531
-7078594959904868015,1321768426
-7078594959904868014,2015749955
-7078594959904868014,584345531
-7078594959904868014,11664468
-7078594959904868014,1467555070
-7078594959904868013,1467555070
-7078594959904868013,2015749955
-7078594959904868012,1321768426
-7078594959904868012,11664468
-7078594959904868011,1467555070
-7078594959904868011,11664468
-7078594959904868011,2015749955
-7078594959904868010,1467555070
-7078594959904868010,584345531
-7078594959904868010,1467555070
-7078594959904868009,1321768426
-7078594959904868009,1467555070
-7078594959904868009,11664468
-7078594959904868008,11664468
-7078594959904868008,1321768426
-7078594959904868007,2015749955
-7078594959904868007,1467555070
-7078594959904868006,1321768426
-7078594959904868005,2015749955
-7078594959904868005,2015749955
-7078594959904868004,11664468
-7078594959904868004,1467555070
-7078594959904868004,11664468
-7078594959904868004,1321768426
-7078594959904868003,11664468
-7078594959904868002,1467555070
-7078594959904868002,584345531
-7078594959904868001,11664468
-7078594959904868001,2015749955
-7078594959904868001,1321768426
-7078594959904868001,584345531
-7078594959904868000,1467555070
-7078594959904868000,2015749955
-7078594959904868000,1467555070
-7078594959904867999,2015749955
-7078594959904867999,11664468
-7078594959904867999,584345531
-7078594959904867998,11664468
-7078594959904867998,1321768426
-7078594959904867998,1321768426
-7078594959904867997,584345531
-7078594959904867997,584345531
-7078594959904867997,1467555070
-7078594959904867996,2015749955
-7078594959904867995,1321768426
-7078594959904867994,2015749955
-7078594959904867993,584345531
-7078594959904867993,1467555070
-7078594959904867993,11664468
-7078594959904867993,1321768426
-7078594959904867992,584345531
-7078594959904867992,1321768426
-7078594959904867991,1321768426
-7078594959904867990,11664468
-7078594959904867990,1321768426
-7078594959904867990,11664468
-7078594959904867989,2015749955
-7078594959904867989,2015749955
-7078594959904867988,11664468
-7078594959904867987,584345531
-7078594959904867986,11664468
-7078594959904867986,1467555070
-7078594959904867985,1321768426
-7078594959904867985,1321768426
-7078594959904867985,584345531
-7078594959904867985,11664468
-7078594959904867984,1321768426
-7078594959904867983,11664468
-7078594959904867983,1467555070
-7078594959904867983,1321768426
-7078594959904867982,2015749955
-7078594959904867982,1467555070
-7078594959904867981,2015749955
-7078594959904867981,1321768426
-7078594959904867981,2015749955
-7078594959904867980,584345531
-7078594959904867979,1321768426
-7078594959904867979,2015749955
-7078594959904867978,2015749955
-7078594959904867977,11664468
-7078594959904867977,2015749955
-7078594959904867976,1467555070
-7078594959904867975,584345531
-7078594959904867975,11664468
-7078594959904867975,11664468
